code,population,child_proportion,older_person_proportion,median_age,population_density,born_outside_uk_proportion,road_traffic_incidents,employment_rate,median_house_price,median_household_income,apartment_proportion,household_ownership_rate,social_renting_proportion,private_rental_proportion,higher_level_qualification_proportion,crime_rate,open_space_proportion,cars_per_household,pt_access_score,bike_to_work_trips
E09000001,8100,8,15.2,39,2538.1,36.7,57,79.6,765000,63620,98,42.3,16.5,35.9,68.4,656.4,18.6,0.4,7.9,241.4
E05000026,14750,26,5,29,10500,57.3,2,60.3,173000,33920,66.3,32.7,26.7,38.6,34.5,138.1,21.9,0.5,6,43.6
E05000027,10600,25.7,10,33,7428.6,24.7,1,63.1,215000,32470,14.2,45.1,36.8,15.9,16.7,73.6,20.6,0.8,3.1,41.4
E05000028,12700,25.4,8.7,32,9269.2,30.1,3,61.2,210000,33000,19.1,46.7,29.4,20.1,20.6,79.9,1.9,0.9,2.9,73.6
E05000029,10400,24.3,14.2,34,2985.3,24.8,6,63.6,240500,33920,34.5,54,32,12.4,19.5,76.1,56,0.9,2.3,45.8
E05000030,10750,20.1,14.2,36,3028.6,19,2,68.2,240000,37400,18.4,67.6,20,11.2,18.5,66.7,50.4,1.1,2.3,73.5
E05000031,11900,25.2,9.6,32,8357.1,32.2,5,61.5,220000,32870,21.5,44,37.4,17.3,20,82.2,17.1,0.8,2.7,68.2
E05000032,15850,32,5.4,29,12772.7,48.2,2,56.4,200000,29480,71.4,23.7,54,18.3,25.2,75.8,20.8,0.5,3.2,61.3
E05000033,11450,25.9,10.9,33,8692.3,26.8,1,63.6,205000,33250,15.3,43.1,37.3,15.8,18.8,74.8,14.1,0.8,2.5,77.2
E05000034,11150,26.2,11.5,32,5475,24.1,3,61.4,215000,31340,36.4,41.6,45.3,11.3,17.6,83.7,36.3,0.7,2.7,64.7
E05000035,11900,21.7,12.2,32,7281.3,33.3,2,65.2,312750,40570,22.5,70,13.1,15.3,25,57,28.3,1.1,3.1,53.8
E05000036,10550,26.9,11,33,5473.7,25,1,61.9,212000,31530,15.5,43.8,38.6,15.6,16.2,67.9,44.8,0.8,2.5,63.6
E05000037,10050,25.2,11.1,33,8250,23.3,2,61.5,213000,31860,12.6,47.2,36.4,14.1,16,56.8,17.4,0.8,2.7,45.4
E05000038,11950,26.5,9.9,32,3166.7,30.9,1,64.2,205500,33490,14.3,51.9,25.7,20.6,19.5,85,20.5,0.8,3,61.9
E05000039,18950,32.5,5,28,1867.1,37.2,3,60.5,219000,32580,45.2,35.4,44.4,17.5,24.4,95.6,43.8,0.7,2.1,85.7
E05000040,10250,25.5,11.3,34,7692.3,23.3,3,63.1,215000,33200,13.3,47.3,37.4,13.8,17.8,68.3,11.8,0.8,3.2,58.1
E05000041,11050,24.8,11.1,33,5166.7,26,2,61.7,202500,31960,48.9,40.3,39.9,17.4,17.9,90.8,47,0.8,2.7,101.8
E05000042,11150,23.7,11.8,34,6781.3,29.2,1,67.5,235000,37180,27.8,63.7,12.3,22.3,22.4,72.4,16,1,2.9,46.2
E05000043,17550,19.5,15.9,39,5218.8,30.9,0,71.4,435000,39800,18.8,75.4,9,13.2,34.4,49.4,28,1.3,2.9,76
E05000044,19650,24.3,9.1,32,8857.1,47.1,8,63.7,250000,29400,38.1,38,35.5,22.1,24.7,68.5,18.9,0.8,3.6,61.4
E05000045,21100,19.5,12.6,33,6516.1,51.2,6,67.9,507500,38960,56,45,12.5,39.7,43.7,90.5,15.1,0.8,4.5,232.7
E05000046,26600,22.8,7.5,30,8250,52.7,0,61.9,302500,30170,60,36.3,34.3,26,30.8,58.9,19.8,0.8,2.5,73.4
E05000047,18050,19.5,11.1,35,6425.9,36.1,5,71.5,335000,38090,53,56.8,13.4,26.7,40.6,75.6,40.3,1,2.9,172.6
E05000048,17100,20.6,14.8,38,4302.6,23.4,2,71.5,368000,39870,34.8,67.9,9.8,20.3,36.5,44,34.8,1.2,2.8,68.1
E05000049,16850,19.2,13.6,36,6440,34.4,1,74.9,437500,41160,56.9,50.2,22.2,25.5,49.6,47.5,37.8,0.8,2.6,252.7
E05000050,17600,22.9,15.5,35,3017.9,37.4,2,69,455000,38410,36.7,60.4,15.8,20.9,36,71.4,54,1.2,3,50.8
E05000051,16800,19,16.6,37,5925.9,40.9,5,72.6,528000,45030,55.2,62.3,4.9,30.4,48.6,52,13.7,1.2,2.9,103.4
E05000052,16950,20.3,17.7,38,3436.2,36,7,73.1,825000,53090,38.8,66.1,4.9,26.7,57.3,65.1,24.2,1.2,2.7,184.3
E05000053,24950,25.6,10.1,30,7150,45.8,6,66.7,555250,40800,37.3,49.4,13.3,34.7,37.4,61.3,14.6,1,3.4,129.8
E05000054,18250,22.5,14.4,36,3250,35.7,4,70.7,397250,38590,24.1,66.9,13.6,17.9,36.5,46.8,48.8,1.2,2.6,62.6
E05000055,19300,21.5,12,32,6625,48.2,4,66.7,350000,38530,58.4,49,12.1,36.6,41.3,72.6,16.4,1,2.7,100.6
E05000056,16300,18.1,17.6,41,1873.5,22.1,4,74.5,419422.5,43940,38.9,69.9,7.7,19.9,44.3,56.3,47.9,1.2,2.7,118.7
E05000057,20000,21.9,14,36,2010.6,34.4,6,70.5,520000,41920,33.5,64.4,12.8,20.4,41.6,62.8,59,1.3,2.3,83.3
E05000058,16650,19.3,17.3,39,4833.3,28.5,3,73.4,366000,41670,39.9,70.6,7.3,20.3,40.7,49.7,15.3,1.3,3.3,74.9
E05000059,16900,20.2,17,39,1795.5,37.6,3,71.6,627750,46150,32.8,66.8,8.7,22.5,47,39.7,57.7,1.3,2.5,75.3
E05000060,17300,19.6,16.7,39,3554.3,25.4,4,68.3,389950,37040,30,60.3,25.7,11.3,31.8,57.9,43.8,1.1,2.6,55
E05000061,17500,18.6,13.1,36,7590.9,44.7,7,74.2,385000,42050,55,53.8,7.2,36.9,49.5,55.2,13.4,0.9,3.6,145.9
E05000062,19250,20.6,11.2,32,5279.4,53.6,10,67.2,346250,35090,46.4,48.3,16.8,32.6,34.4,99.9,32,0.9,3.5,104.7
E05000063,18700,18.6,13.8,36,6846.2,41,2,72,370000,38220,47.8,57.6,11.5,28.6,41.3,69.3,19.3,1,2.9,171.4
E05000064,10600,18.7,19.3,41,3672.4,8,1,75.8,250000,38200,16.5,80,10.7,8.3,20.1,46.5,36,1.3,3.1,49.6
E05000065,12400,23.2,12.9,35,3828.1,20.4,0,70.4,179500,33510,36.7,63.6,16.1,18.6,21.9,62,33.1,1,2.8,65.3
E05000066,10700,18.3,19.1,42,6352.9,7.1,0,77.3,280000,40780,7.9,86.7,3.8,8.1,19.3,28.8,9.5,1.3,2.1,72.2
E05000067,11000,18,19.5,41,5285.7,7.8,1,78.2,275000,40340,10.1,88.5,2.6,8.1,19.6,37.7,13.8,1.4,2.1,64
E05000068,10600,16.6,23.3,45,5350,10.4,1,76.6,315000,40790,9.7,88.9,4.4,5.7,20.7,26.3,9.1,1.3,2.7,54.9
E05000069,11350,18.1,18.6,41,4500,11.5,2,77,275000,40190,22,80.7,3.9,14.2,24.9,97.5,17.3,1.2,3.4,48.3
E05000070,11400,22.3,15,36,7093.8,12.3,0,70.2,247000,34450,27.2,61.5,29.4,7,18.1,39.5,13,1.1,2,54.5
E05000071,11950,20.9,14.6,37,2925,10,2,73.2,231500,34900,24.3,65.6,21.8,10.5,18.6,62.2,41.7,1.1,2.1,52.4
E05000072,11350,20.8,17.7,39,1583.3,9.9,1,71.4,285000,35530,31.3,65.7,22.8,9.3,22.2,54.3,61.7,1.2,2.3,74.3
E05000073,11000,18.3,18,40,4092.6,13.2,0,75,265750,38580,21.7,77.9,8.9,11.2,21.6,54,36.4,1.2,2.9,57.4
E05000074,11000,18.4,19.2,41,5022.7,13.4,1,73.5,259497.5,36260,16,76.5,12.6,9.5,18.8,40.5,26.8,1.2,2.5,60.3
E05000075,12800,25.1,11.6,33,2614.6,23.1,1,67.6,181000,33160,44,55.1,20.2,20.5,22.6,82.3,44.6,1,2.6,52.7
E05000076,10950,18.2,16.7,40,6470.6,12.4,2,76.2,280000,39000,9.5,88,1.1,9.5,19.6,47.7,0.7,1.3,2.4,59
E05000077,11450,20.3,16.5,39,4791.7,23.3,1,69.7,257500,35630,26.4,67.1,21,10.3,22.5,59.8,37,1.1,2.8,55.3
E05000078,10600,16.4,21.2,42,4096.2,9.9,3,75.4,250000,40880,39.5,75,13.2,10.7,27.1,34.2,28.9,1.2,2.7,63.5
E05000079,11850,26.7,10.6,32,2070.2,18.8,1,63.3,204497.5,29930,33.1,46.9,37.4,14.3,19.5,81.2,65.3,0.9,2.6,59.6
E05000080,10700,19.5,16.9,40,5972.2,9.8,0,73.6,250000,37130,10.4,80.3,9.3,8.9,17.8,42.1,13.6,1.3,2.1,60.2
E05000081,10550,17.7,22.4,43,2420.5,8.1,3,77.3,315000,44010,12.3,85.7,4.1,9.1,27,33.2,46.8,1.4,2.6,59.2
E05000082,11250,20.4,15.6,39,8071.4,11.6,3,75.9,280000,38510,7.7,85.8,7,6.1,19.1,30,5.9,1.4,2.2,59.7
E05000083,11000,15.9,19.9,42,4092.6,10.6,1,74,280000,41220,35.3,74.7,6.7,16.6,27.2,50.5,25.8,1.2,3.2,61.8
E05000084,12550,27.8,7.4,32,2583.3,38.1,1,62.6,190000,32100,43.3,41,38.4,19,28.2,54.9,70.5,0.8,2.6,65
E05000085,15300,19.8,10.1,33,7047.6,66.8,3,67.4,249950,31250,37.8,55.6,12.1,29.6,26.2,69.1,17.7,0.9,3,114.8
E05000086,16250,20.9,12.4,33,5366.7,56.5,1,64.2,333000,34630,45.5,43.6,26.6,26.2,34.7,64.7,31.6,1,3,33.8
E05000087,13300,17.8,12.6,34,7794.1,47.2,4,71.8,465000,40020,68.2,44.3,21.5,32,45,70.8,9.7,0.7,3.8,319
E05000088,13650,24.1,12.2,32,5934.8,54.5,6,61.5,306000,30990,35.2,51.7,22.1,23.5,25.1,67.3,26.6,0.9,2.9,78.8
E05000089,15750,21.2,10.7,32,9117.6,56.2,5,65.9,495000,33470,44,43.7,19.9,34.2,31.7,88.2,11.6,0.8,3.4,222
E05000090,14150,20.5,12.7,34,5129.6,55.9,4,66.5,263750,35590,37.4,57.1,13.9,26.8,29,58.4,39.3,1.1,2.8,66.2
E05000091,17500,27.3,9,32,15772.7,52.9,6,59.3,305500,27030,71.4,21.8,44,30.7,21.4,100.3,8.9,0.5,3.8,235.8
E05000092,15050,21.1,10.2,35,13681.8,50.2,6,68.8,500000,34640,63.6,36.1,26.7,34.7,33.8,86.6,6.9,0.6,4.1,395.8
E05000093,12550,16.2,18.8,37,5413,53.9,2,70.3,440000,42190,20.5,73.4,5.6,19.3,39.8,51.3,17,1.4,2.7,39.5
E05000094,17550,19.5,9.4,33,19333.3,48.1,4,68.9,444631.5,34270,86.1,24,45,28.8,39.9,79.3,11.1,0.4,5.5,494
E05000095,16000,17.2,9.4,33,11357.1,52.3,10,70.6,450000,36830,75,34.4,19.2,44.8,43.7,71.8,9.6,0.6,4.5,290.2
E05000096,13300,16,13.7,34,4888.9,53.3,2,67.4,470000,41100,32.4,62,16.2,19.2,40.3,64.7,32,1.3,2.7,60.6
E05000097,15750,20.8,13,33,6541.7,57.3,2,67,350000,35960,38.3,54.6,12.6,29.2,35.4,57.9,19.2,1,3.4,76.6
E05000098,15500,20.5,9.9,35,10300,41.9,7,75.8,677500,42880,63.4,44.2,19.9,33.9,48.2,72.9,19,0.7,5,629.1
E05000099,16800,19.8,12.4,33,8050,57.7,4,67.7,366000,35110,26.1,59.4,15.3,21.6,30.8,65,13.7,1.2,3,34.7
E05000100,17600,26.7,9,29,4231.7,48.8,9,54.2,249950,25800,55.1,18.1,62.3,15.1,20.5,116,16.2,0.6,3.2,115.8
E05000101,15250,21.1,11.1,33,7238.1,62.2,3,67.4,249950,33530,44.3,50.5,15,32.6,32.3,51.5,34.6,0.9,3.3,76.2
E05000102,18900,20,9.7,32,6160.7,62.9,3,67.5,322500,33130,41.9,50,12,33.7,31.9,82.8,19.8,0.9,3.5,86
E05000103,14000,21.5,12.1,34,6065.2,55,2,64.9,292475,31620,39.2,49.9,19.2,28.1,24.7,62.9,34,0.9,2.8,72
E05000104,16150,19.1,10.6,33,9718.8,68.5,7,65.6,250000,31040,45.2,47.2,15.6,33.5,29,118.3,20.1,0.8,4.9,83.6
E05000105,15950,19.1,8.2,32,10600,56.3,0,68.6,409500,31390,73.3,25.4,26.8,43.2,33.3,94.9,36.8,0.5,4.6,242.9
E05000106,15450,19.4,20.4,43,3132.7,15.7,4,76,480000,47190,23.7,80.2,7,11.4,40.7,36.5,21.5,1.4,2.4,91.1
E05000107,10250,18,19.6,42,1222.9,5.1,2,79.2,269950,40930,13,88,4.6,5.7,23,44.8,72.7,1.7,1.8,25.5
E05000108,16250,20.7,17.1,40,1897.6,12.1,2,73.2,350000,40510,20.3,73.1,15.7,9.5,28.3,53,58.6,1.3,2.3,104
E05000109,18600,20.8,13.5,36,4797.3,19.9,3,78.6,327000,43460,45.1,65.3,10,22.7,41,139,17.6,1,3.8,150.1
E05000110,14800,19.1,20.3,43,1166.7,9.7,4,77.3,400000,44850,8,87,4.6,7.1,33.2,40.3,68.4,1.5,2.1,69.6
E05000111,15400,18.7,21.4,43,1461.5,12.7,2,75.1,395000,46250,23,79.9,7.1,11.4,38,55.2,59.1,1.4,2.1,80.8
E05000112,16050,21.6,12.4,37,6869.6,17.3,3,77.7,308750,41650,41.9,67.6,12.6,17.8,38.3,46,16.2,1,4,174.5
E05000113,15950,15.8,16.6,38,4772.7,20.3,4,79.5,315000,43170,70.3,61.1,9.2,27.7,45,70.5,16.7,1,3.3,145.7
E05000114,15850,22.7,17.1,38,1176.7,12.3,4,69.3,242000,32230,22.1,61.7,24.7,11.1,19.6,102.2,76.2,1,2.1,72.9
E05000115,17150,23.6,15.2,37,4371.8,10.9,1,67.4,250000,31740,17.6,58,33.5,6.1,18.7,71.5,23.4,1.1,2.3,76.4
E05000116,12950,20.7,8.2,34,5478.3,30.3,3,69.5,250000,34060,82.2,34.8,33.2,29.7,38.1,90,49.2,0.6,4.6,198.9
E05000117,5300,18.4,24.2,46,181,6.1,1,75,445000,42810,6.3,82.9,5.5,9.4,26.9,43.9,88.5,1.7,1.3,20.6
E05000118,14850,17.3,24.2,45,2121.4,10,6,75.1,395000,44590,13,83.2,8.8,6.7,31,43,48.9,1.3,2.5,70.5
E05000119,16250,18.5,19.5,43,1500,8.7,1,76.3,441250,45660,13.6,88.2,3.1,7.8,31.8,35,68.9,1.4,2.3,120.5
E05000120,16250,18.6,18.4,42,3105.8,13.6,1,75.5,421599,44700,22.4,79.2,8.6,10.6,33.8,59.9,42.7,1.3,2.7,134.5
E05000121,10300,23.1,14.4,36,4250,15.1,2,67.9,250000,32330,23.9,55.4,31.9,10.5,22.1,93,44,1,2.5,47.4
E05000122,15650,18.5,22,43,3616.3,11.9,0,72.8,340000,38090,19,74.5,15.8,8,27.1,89.6,24.6,1.2,2.9,66.5
E05000123,17900,21.9,10.5,36,5883.3,25.8,3,70.4,320000,36090,52.4,47.9,29.8,20.3,36.5,89.9,24.9,0.8,4.2,211.9
E05000124,13950,18.3,22.7,45,3220.9,10.6,0,75.4,485000,48530,9,89.4,2.7,6.9,36,43,24.3,1.4,2.8,56.3
E05000125,15600,20.9,15.3,38,3850,16.9,2,73.5,295444,39460,33.9,65.2,17.4,15.8,34.1,48.6,40.3,1,2.9,138.4
E05000126,10150,17.7,21.6,44,4020,16,1,76.3,468000,48020,36,79.2,6.2,13.5,43.3,33.8,3,1.3,2.7,64.8
E05000127,15250,17.1,21,45,3443.2,9.7,1,76.8,475000,46210,15.8,86.7,4.4,7.4,32.5,33.9,31.8,1.4,2.2,83
E05000128,12800,18,13,35,15937.5,46.3,1,74.4,850000,52680,87.3,41.4,19.6,37.1,62.2,60.9,1.3,0.6,4.2,326.8
E05000129,11700,6.5,9.6,28,11650,51.2,13,51.4,560000,40340,96.3,26.4,28.6,41.6,46.5,314.1,9.2,0.2,8,232
E05000130,13100,14.6,12.5,35,10791.7,38.8,3,69.4,813500,45840,79.7,33.9,30.5,33.4,53.9,297,15.2,0.5,5.4,551.5
E05000131,12450,14.8,9.5,31,15375,35.9,2,64.3,560000,39060,82.5,30.1,40.3,27.7,48.1,82.5,7.4,0.4,4.9,636.1
E05000132,12100,15.2,10.6,33,12000,43.4,1,74.6,575000,46800,77.9,39.5,16.7,41.8,57.8,54.2,18.4,0.6,4.8,323.3
E05000133,12250,16.3,14.3,35,8133.3,48.5,1,69.8,955000,60310,80.3,49.2,7.1,40.9,61.4,56.7,5.7,0.8,4.8,204.9
E05000134,11500,18.4,12.6,35,16357.1,34.9,0,65.5,599999,39990,81.6,30.5,45.9,21.4,45.6,65.8,15.9,0.5,4.1,437.7
E05000135,11400,17.3,16.5,39,4540,40.9,0,76.6,1190000,62840,71.2,50.6,13.4,33.3,68.3,82.9,53.9,0.7,4,247.3
E05000136,12750,18.7,11.4,32,18000,36.3,1,62.9,547305,35730,86.7,26.7,49.2,22,43.1,87.6,8.2,0.4,4.7,405.1
E05000137,11150,16.4,16.3,40,3484.4,27.1,2,70.4,650000,47840,69.1,46.7,34.1,16.8,55.8,81,65.2,0.7,3.9,604.1
E05000138,13700,12.7,10.3,33,11250,45.6,20,61.9,685000,40180,95.9,22.4,42.5,32.2,46.2,311,7.5,0.3,7.9,325.8
E05000139,13850,15.4,9.6,33,13750,34.2,2,71.3,630100,41230,76.9,34.7,33.3,29.7,54.6,89,5.3,0.4,5.7,770.1
E05000140,12350,17.7,11.6,33,17500,47.9,2,66.8,468000,34730,92.2,22.6,42.1,32.8,43.8,110.7,13.4,0.4,5.5,252.8
E05000141,12550,12.8,7.5,27,20833.3,50.9,3,46.1,625000,32890,94.8,17.6,46.1,33.2,39.7,122.4,13.5,0.2,7.8,299.4
E05000142,14700,14.8,9.2,29,10961.5,45.2,8,54.4,600000,34260,89.4,20.4,48,29.2,36.1,131.3,27,0.4,6.8,339.4
E05000143,16200,17.7,8.3,29,10785.7,42.4,3,53,465000,30500,92.7,14.3,61.2,20.7,29.5,93.5,13.6,0.3,7.1,284.5
E05000144,13200,16.8,11.8,34,10076.9,51.2,2,72.3,740500,50340,89,40.8,16.5,39.8,60.4,70,14.5,0.6,6.2,268.4
E05000145,12550,13.1,9.2,33,13722.2,43.3,1,76.2,622500,46290,85.8,32.4,22.2,43.7,60.6,77.6,9.4,0.5,6,326.7
E05000146,17750,19.9,9.8,34,10843.8,34.5,2,74.1,250000,38070,47.2,51.7,13.7,32.5,38,61,2.3,0.7,4.6,125.4
E05000147,15150,19.5,14.6,38,5555.6,22.3,2,71.7,347000,38600,18,67.1,21.5,9.7,27.3,58.1,22.2,1.1,2.9,75.5
E05000148,16600,24.1,10.3,34,11750,45.3,2,67.5,246250,33530,32.5,57.3,11.9,28,29.4,64.4,7.8,0.8,3.3,95.5
E05000149,20050,26.4,7.5,31,7185.2,46.2,7,64.6,231000,31000,42.9,41.2,27.5,28.3,26.9,151.3,4.6,0.7,4.7,105.2
E05000150,12700,18.4,21.7,44,1629.9,11.8,2,73.9,375000,42660,10.7,80.4,12.5,5.7,30.3,34.9,56.8,1.4,1.9,49.8
E05000151,14150,18.4,16.4,41,2770,16.9,3,75.5,361000,46610,11.6,83.5,4.6,11,34.9,46.7,17.1,1.5,2.5,59.1
E05000152,16200,20.2,12.6,35,4614.3,24.3,0,76.5,250000,42260,49.1,60.1,8.3,29.4,42.1,57.3,19.1,1,3.3,109.4
E05000153,21750,19.2,10.3,33,5065.8,42.3,11,73.1,236000,39130,69.4,39.8,15.5,40.7,45.9,215.9,17.5,0.6,5.7,77.1
E05000154,11850,29.6,10.2,29,7800,19.3,0,58.5,220000,26720,34.4,33.5,60.6,4.8,12.5,61.8,22.9,0.8,2.9,11.8
E05000155,13600,18.2,18.2,40,1551.7,16.9,2,74.3,260000,39770,26.8,75.6,9.3,13.7,29.3,70.7,61.3,1.3,2.3,38.3
E05000156,15650,20.9,15.8,39,2369.2,17.9,1,75,340000,44160,24.7,74.1,11.4,12.1,36.1,35.9,39.6,1.3,1.9,86.6
E05000157,11250,24.6,13.1,33,4604.2,13.9,1,64.4,245000,28770,25.2,48.4,42.2,7.7,12.8,70,31.2,1,2.7,12.8
E05000158,17100,20.8,13.5,35,6740,43.6,8,69.5,350000,36810,25.9,59.8,13.8,23.6,34.1,54.2,15.8,1,3.1,135.1
E05000159,15550,19.7,15.7,38,3607.1,23.1,6,74.1,320000,44600,33.7,71.5,7.6,18.2,40.5,78.1,3.8,1.2,2.9,77.9
E05000160,13200,17,20.9,44,2071.4,13.7,0,74.9,392500,47030,12.2,85.2,6.7,7.1,35,29.6,48.6,1.5,1.7,53.4
E05000161,18550,26.2,9.2,32,7978.3,40.1,2,64.7,212997.5,31220,52.7,39.8,27.1,29.2,28.4,95.9,18.3,0.6,4.2,109.5
E05000162,12200,13.8,22.4,46,1882.8,15.7,6,76.4,344000,45320,6.3,90.8,2,6.3,32,35.5,55.2,1.5,2,40.7
E05000163,14700,19.7,18.4,40,5214.3,19.7,5,72.3,320000,39500,25.3,73.7,18.5,6.6,27.1,44.1,16,1.2,2,71.2
E05000164,16900,22.2,10.3,35,6979.2,32.1,1,68.7,240000,34430,64.5,47.9,20.7,28.9,35,80,17.5,0.7,3.9,156.1
E05000165,16900,25.4,9.5,34,9852.9,37.6,1,66.8,250000,33720,37.8,54.1,19.7,24.1,28.3,82,11.2,0.7,3.3,94.6
E05000166,16600,20.8,11.8,36,6307.7,33.9,1,69.7,289750,37430,44.6,55.3,20.6,21.9,35.2,70.8,19.4,0.9,3,205.6
E05000167,17650,23.4,10.5,34,4847.2,30.1,5,69.9,243250,34630,46.1,49.2,25.5,22.8,30.1,74.3,32.7,0.8,3.6,111.5
E05000168,18000,25.4,9.8,32,8925,46.5,2,64.6,235000,32400,30.1,53.6,15.7,27,27.3,90.3,18.7,0.8,3.1,103.6
E05000169,17100,24.7,8.7,33,7727.3,28.4,1,69,250000,33890,35.2,53.1,19.8,24.1,29,65,33.3,0.8,3.7,117.3
E05000170,15850,20,10.2,33,8750,48.3,1,69.4,570000,36500,60.1,40.3,23.3,33.8,40.4,77.9,24.2,0.7,3.1,439.4
E05000171,14850,21.7,12.7,36,6750,39.6,3,68.6,500000,41730,51.1,54.2,21.5,21.7,46.2,47.8,34.7,0.9,3,205.4
E05000172,14150,22.4,12.3,33,6152.2,56,1,61,265000,29350,40.6,49.1,28.4,19.2,24.4,54,47.3,1,3.3,67.2
E05000173,15550,14.6,12,34,7868.4,44.3,1,75.1,459970,45540,70.1,43.4,11,42.4,57.7,145.7,6.1,0.8,5,232.4
E05000174,14200,15.7,12,35,6809.5,43.1,6,74.6,536000,43600,57.3,46.8,14.6,36.4,52.6,68.9,22.2,0.9,3.6,322.9
E05000175,19800,19.8,8.5,31,4523.3,54.4,8,68.3,390500,32930,59.9,36,22.1,34.1,38.3,103.7,19.6,0.7,4,454.2
E05000176,15100,21,10.5,35,7450,40.6,2,73.1,408750,38970,52,48.2,20.2,27.8,40.6,77.5,34.2,0.8,3.8,300
E05000177,17750,24.7,11.5,33,7120,48.6,6,66.4,249000,30500,51.6,47.6,23.4,24.5,25.8,81.2,26.2,0.9,3.4,130.4
E05000178,14500,21.2,12.6,34,4264.7,50.1,2,72.6,307000,35420,29.4,63.1,9.7,25.1,30.2,74.8,22.6,1.1,2.6,105
E05000179,15750,19.1,14,35,4787.9,53.1,5,71.9,519000,44760,48.2,54.2,4.7,38.1,50.8,60.4,26.7,1,3.7,175.7
E05000180,14300,22.5,12.1,35,6522.7,40.7,2,70.6,386250,36220,36.2,54,25.2,19,33.3,44.2,36.1,0.9,3.1,212.6
E05000181,14100,19.7,12.2,34,9433.3,55.9,1,66.6,285000,32520,12.2,69.4,7.3,21.3,25.4,46.2,19.4,1.3,3,63.7
E05000182,13700,19.6,11.7,36,9133.3,36.2,1,78.6,615000,48480,34,66.3,6.7,25.6,54.8,44.5,25.6,0.9,3.4,342.9
E05000183,14900,20.5,12.9,34,4656.3,51.4,0,72.3,345000,36480,20.2,66.5,8.3,22.9,30.1,51.8,53.3,1.2,2.6,87.2
E05000184,15350,23.4,12.1,34,5482.1,44.1,6,67.3,300000,31950,40.8,53.3,24.2,19.4,25.7,63.3,34.5,0.9,3.2,67.2
E05000185,15200,26,10.2,32,4371.4,41.5,10,61.9,226111,28550,53.1,43,34.5,19.2,21.7,67.5,56.3,0.9,2.5,66.6
E05000186,14200,20.8,11.4,33,3750,50.7,2,57.3,257500,29020,42.2,42.6,34.7,17.7,26.7,91.1,54.5,1.1,2.3,93.9
E05000187,15450,20.6,12.5,34,4573.5,55.4,4,71.4,367500,36040,23.7,62.3,8.5,27,30.8,73.3,38.3,1.1,2.3,188.6
E05000188,16200,20.6,10.8,33,9205.9,50.5,5,68.1,440000,34300,73.2,32.8,33.9,29.2,39.4,88.7,17.5,0.7,4.6,298.3
E05000189,16200,22.7,10,31,9343.8,64.1,8,59.1,250000,27930,24.8,54.6,16.4,24.9,21.9,107.9,14.1,0.9,3.2,54.3
E05000190,15200,23.8,8.9,31,9406.3,63.3,3,59.7,243000,27150,27.6,51.4,13.6,31.5,21.6,83.9,16.3,0.9,3,78.5
E05000191,13600,18.6,11.5,36,9714.3,36.2,1,77.6,780000,50170,51.1,57.1,9.8,31.3,57.8,64.5,14.3,0.8,3.1,471.3
E05000192,13500,19.1,11.5,35,9033.3,38,4,77.3,612500,46240,44.6,56.7,12,28.8,53.7,73.8,20.1,0.8,3.8,375.6
E05000193,14550,18.2,11.3,34,9733.3,47.5,5,71.9,319995,36300,45.5,55.2,10.7,32.1,36.3,50.8,15.3,0.8,3.9,153.1
E05000194,14150,17.6,18.4,40,5720,25.7,3,73,360200,41800,28,78.5,5.2,15.1,32.6,53.9,29.6,1.3,2.7,105.4
E05000195,14000,22.3,13.9,36,834.3,21,5,69.5,324000,36350,37.1,60.4,21.3,15.7,28.1,55.8,81.5,1.1,2,117.4
E05000196,14100,16.1,19.4,39,1370.2,30.5,2,66.9,472000,43570,38.6,68.7,12,17.4,35,46.4,68.8,1.3,2.6,41.2
E05000197,18350,27.1,8.8,30,5951.6,46.8,2,53.8,210000,26010,58.7,29.7,43.1,23,19.5,117.7,33.2,0.6,3.9,73.7
E05000198,16350,24.9,10.9,31,3576.1,34.3,3,60.1,250000,29450,34.6,52.5,24.4,20.7,18.6,82.4,40.6,1,2.5,103.9
E05000199,17000,26.4,8.3,31,5166.7,33.8,2,62,217250,30240,40.2,49.9,22.7,24.1,23.5,69.2,39.6,0.9,2.6,112
E05000200,13300,17.3,19.6,41,4015.2,22.1,1,74.8,360000,45960,38.4,77.2,3.4,18,39.1,59.4,27.4,1.3,3.1,72.5
E05000201,16500,24.5,10.2,32,9277.8,46,3,59.3,260000,29600,31.9,50.7,19.5,27.5,21.4,61.1,27,0.8,3,69.2
E05000202,13550,16.4,19.3,41,2647.1,20.9,2,72.9,375000,43540,38,74.2,7.4,17,35.1,40.4,56.4,1.2,2.7,73.4
E05000203,14600,24.1,11.9,34,3782.1,40.8,2,62.2,250000,30800,27.5,57.7,15.5,24.8,20.9,58.8,60.6,1,2.5,57.4
E05000204,16700,28,10.2,31,7681.8,46.1,2,57.9,248000,28110,33.3,44.8,27.4,24.4,20,56.2,40.6,0.7,3.2,72.7
E05000205,15650,18.5,14.2,35,8263.2,41.4,3,70.2,353500,37970,35.9,63,9,25.4,33.5,70.3,15.4,1,2.5,108.4
E05000206,17050,25.7,9.1,30,4771.4,43.5,1,58,248000,28560,45,45.5,25.6,25.4,21,80.6,44.5,0.8,3.3,82.6
E05000207,14950,24.7,10.2,33,5172.4,30.2,3,65,265000,33260,39.2,53.5,24,21,25.4,98.8,29.3,0.9,3.1,123.7
E05000208,14800,19.2,13.9,36,5537,33.2,1,71.1,347500,41520,49,61.7,7.4,28.3,41.2,62.6,27.1,1.1,3.1,55.1
E05000209,14400,17.9,15.7,37,5538.5,36.2,2,70.4,500000,42750,36.4,65.3,12,21.4,40,43.2,20.6,1.1,3.9,97
E05000210,15150,19.8,15.9,39,6954.5,17.1,4,75.9,350000,42300,31.5,74.7,6.1,17.3,33,50.3,16,1.2,2.6,117.6
E05000211,14700,24.4,11.8,33,6434.8,31,1,60.9,250000,28960,33.1,52.1,26.3,19.1,17.9,74.5,30.5,1,2.5,88.1
E05000212,18600,25.7,9.3,31,6777.8,48.4,4,58.4,250000,28480,37.3,44,29.8,24,21.5,120.2,17.6,0.8,3.4,85.8
E05000213,13700,18.6,15.4,39,4928.6,27,1,75.1,435000,45880,40.3,69.9,6.4,22.2,42.9,43.7,25.2,1.2,2.9,94
E05000214,16200,26.4,10.2,33,5722.2,32,3,63.6,250000,31540,37.5,44.4,38.9,15.2,24.2,77.6,44,0.7,3.1,63.5
E05000215,13300,17.3,15.1,38,6047.6,23,0,75.5,427500,49160,66.3,49.9,22.4,25.4,57.5,76.6,15.4,0.8,3.4,320.4
E05000216,14650,22.6,11.2,34,7050,31,0,67.7,363000,37940,47.5,41.7,41.1,15.9,37.2,60.7,31.5,0.7,4,203.7
E05000217,13450,17.4,18.1,40,5180,15.6,0,70.7,325000,38390,24.6,65.5,23.5,9.8,23.4,58.1,20,1.1,2.9,71.5
E05000218,12900,17.6,18.5,42,4788.5,13.9,2,75.1,345000,43120,20.9,73.1,17,8.4,31.8,67.2,24.6,1.1,2.9,133.9
E05000219,13100,15.8,15.7,34,2717.4,17.5,2,64.9,288750,37120,44.4,59.8,22.4,15,25.1,75.9,54.6,1,3.3,88.6
E05000220,12500,21.5,11.6,35,4666.7,21.3,3,64,315500,34250,14.5,45.3,44.1,8.3,21.2,59.9,30.5,0.9,3.1,65.6
E05000221,18500,23.6,7.6,32,10441.2,42.2,1,62.5,224995,31690,51.5,30.4,41.4,24.7,28.6,60.9,32.6,0.6,4,103.5
E05000222,18450,18.8,7.9,32,6053.6,34.8,4,68.6,450000,42270,71.7,32,35.7,28.8,49.9,104,49,0.6,4.6,356.4
E05000223,14650,19.7,12.5,35,5854.2,27.3,1,67.3,260050,35740,35.7,50.1,32.1,15.9,30.8,70.3,28.2,0.9,2.6,182.7
E05000224,13900,20.8,15.7,37,4045.5,22.3,1,65.6,292755,35340,41.5,50.4,37.3,10.9,29.6,64.4,37,0.9,2.3,158.3
E05000225,24500,19,6.2,31,4155.6,33,7,74.2,379000,41840,52.3,36.8,30.6,30,49.5,107.6,33.7,0.6,4.5,335.3
E05000226,17050,23.1,9.3,33,6854.2,41.7,1,63.9,249000,32390,27.7,47.4,27.3,23.3,25.2,78.7,41,0.7,3.6,65.5
E05000227,13750,20.2,13.8,38,3486.8,23.8,0,69.5,270000,39030,24.2,64.3,19.5,14.4,31.3,46.3,57.2,1,2.4,137.3
E05000228,22200,29.1,5.1,30,4218.8,41.8,2,62.9,190000,34450,45.8,32.7,38,25.3,32.4,70.5,55.4,0.7,2.6,82.7
E05000229,19550,26.7,6.2,30,6903.8,41.8,2,60.5,267500,30260,62.2,21.9,50,24.7,26.7,103,39.4,0.6,4,177.8
E05000230,23050,24,6.3,31,6359.4,39.4,7,64.7,266250,33540,77.7,19,50,25.2,35.2,112.8,34.9,0.5,4.5,138.9
E05000231,13300,13.8,5.7,31,15187.5,42.7,4,72,440000,40070,87.2,26.1,32,38.5,51.7,87.3,25.6,0.4,6.1,684.1
E05000232,13800,29.3,6.3,29,19214.3,36.4,1,64.8,375000,38130,77.7,25.7,33.8,37.2,35.6,49.7,12.8,0.4,4.7,712.3
E05000233,13950,21.1,6.9,31,15055.6,41.3,5,63,415000,32510,81.5,20.3,51,24.6,37.6,115.3,20.4,0.4,5.8,877.6
E05000234,12650,19.3,7.4,33,17642.9,32,1,73.3,499950,45450,72.4,37,34,25.7,53.5,75.4,12.3,0.5,3.6,1263.1
E05000235,15950,16.6,6.3,31,17000,40.8,4,70.4,485000,38230,79.2,23.1,38.9,34,48.6,158.6,17.1,0.4,6,1467.8
E05000236,15200,15.8,7.1,31,16000,37.8,2,71.1,480000,39060,81.9,23.9,39.9,29.8,49.8,147.9,14.2,0.4,4.9,1051.3
E05000237,13200,17.5,7.7,32,16000,40.5,2,66.6,450000,35260,83,19.7,50.7,27,42,114.6,14.1,0.3,6.7,1054.6
E05000238,13400,19.5,7.5,32,13100,39.5,4,65.1,433000,35700,79.6,24.4,43.1,29.3,42.2,80,33.8,0.4,5.5,1099.9
E05000239,15250,14.5,5.8,31,12166.7,45.9,9,67.4,452500,36080,93.3,16.1,44.1,36.2,45.8,162.3,19.1,0.3,5.7,874.2
E05000240,16300,15,6.2,30,19750,44.8,2,62.7,475000,34970,95.8,16.6,54.3,24.6,41.7,127.2,27.6,0.3,5.8,770.8
E05000241,11650,24.1,9.5,31,6305.6,43.3,1,57.6,383000,31970,63.9,24.4,57.9,15.8,30.6,68,66.9,0.5,2.9,558.2
E05000242,14600,20.1,7.3,31,12954.5,40.7,1,65.6,375000,35110,66.6,30,32,35,41.5,79.9,23,0.5,4.3,1052.6
E05000243,12700,28.6,8.2,29,10333.3,31.4,2,64.6,420000,39940,75.8,28.8,37,31.5,40.4,66.5,33.6,0.5,3.7,692.1
E05000244,14500,29.2,7.5,28,13450,40.2,8,58.2,340000,35590,80.3,19.8,44.5,32.4,26.6,63.1,28,0.4,5,305.6
E05000245,14450,16.6,8.1,32,12727.3,38.3,3,67.7,465000,36720,74.4,21.2,50.1,24.9,44.6,116.8,15.6,0.4,4.8,1311.8
E05000246,12800,32.7,7.5,27,12500,39.4,2,53.8,285000,33570,75.7,21.4,47,28.1,21.9,73.7,26.5,0.4,3.2,275.6
E05000247,13050,16.1,7.8,33,18214.3,36.6,2,73.4,483125,42400,67.6,33.3,32.2,32.8,52.4,93.3,13.3,0.4,5.3,1322
E05000248,13750,20.1,7.5,32,16812.5,34,1,65.6,471250,37350,76,23.9,52.3,20.6,41.8,93,21,0.4,4.7,987.7
E05000249,12350,20.9,7.7,31,7500,35.1,2,60.4,340000,32890,69.6,20.1,53.8,21,34.4,99.8,48.8,0.5,3.9,722.6
E05000250,11650,16.1,7.9,33,19083.3,44.1,5,76.2,572500,43970,83.5,35.8,24.9,37.9,57.4,107.4,0.3,0.5,6.5,515.5
E05000251,14300,17.8,8.4,33,17562.5,42.5,0,71.8,499999.5,38450,78.1,31.7,34.8,29.5,45.1,75.4,3.6,0.5,3.6,678.3
E05000252,12700,12.2,11,33,13722.2,52.2,6,69.5,618250,43350,89,34.3,21.9,41.4,54.5,70.5,8.8,0.5,6,414.1
E05000253,10700,19.5,8.2,32,2897.1,45.7,5,62.6,458000,30890,49.3,20.2,55.9,18.3,31.9,115.7,43.8,0.4,4.9,191.5
E05000254,11550,14.4,10,32,16000,43.9,4,72.4,805000,42130,75.3,28.3,36.2,32.8,47.7,95.2,3.1,0.5,5.4,473
E05000255,11800,13.1,8.5,31,12777.8,43.6,5,71,786250,42010,65.5,34.5,31.9,31.2,51.6,98.6,20.9,0.5,4.2,506.5
E05000256,12250,16.3,10.4,32,10954.5,40.5,12,69.9,741250,39500,76.6,27.8,39.9,29.8,45.3,224.9,9.1,0.5,6,449.8
E05000257,11150,17.1,8.9,32,18250,38.3,1,76.7,745000,50240,60.8,44.8,18.1,35.2,56.9,64.5,8.5,0.7,3.7,562.2
E05000258,12650,12.8,6.7,31,20083.3,47.9,2,72.7,558000,39510,89.1,27.9,28.6,40.7,52.6,64.6,10.7,0.4,5.2,421.9
E05000259,7600,18.2,15.3,37,5000,34.1,2,74.3,950000,53330,66.2,56.7,14.2,25.2,56.2,90.8,54.7,0.9,3.7,364.6
E05000260,10850,19.3,11.2,34,11944.4,38.2,4,73.7,1330000,55720,54.6,47.9,20.6,29.4,56.4,124.8,9.8,0.8,4.7,371.5
E05000261,11000,17.7,12.2,35,9000,37.3,0,72.2,704000,45510,61.5,42.7,23.2,31,55.1,101.1,16.3,0.6,4,464.6
E05000262,13550,18.9,8.6,32,9321.4,39,5,69.3,827750,44170,77.2,33.8,33.9,26.5,47.6,69.6,25,0.6,3.4,501.9
E05000263,12950,16.2,8,32,11318.2,47.2,8,72,440000,36430,80.6,24,37.9,34.8,46.5,281.4,9.7,0.4,5.6,537
E05000264,11350,17.9,7.8,31,15928.6,40.5,5,76.4,690000,47940,73.5,35.8,23.7,37,57.9,100.7,0,0.6,4.6,449.3
E05000265,13750,21.5,9.4,31,14944.4,45,1,62.2,427500,31860,68.8,26,52.3,18.6,32,71.9,4.6,0.5,3.2,358.7
E05000266,12050,20.4,11.3,37,4596.2,26.8,3,76.7,625000,51450,49.5,65.7,9,24.3,58.5,63.6,52.2,1,3.3,284.7
E05000267,14400,17.6,9.4,33,10035.7,48.5,2,69,332350,34550,65.9,35.3,28.4,32.7,37.3,82,22.8,0.6,4.9,177.4
E05000268,15050,21.7,8.3,32,16388.9,55.5,5,61.8,325000,30340,53.1,35.9,28.2,32.2,27.6,85.2,4.9,0.5,4.5,278.6
E05000269,12800,16.2,10.2,36,8964.3,29.2,3,80.9,563750,52070,75.5,50.6,10.2,37.3,67,67.3,13.9,0.7,3.4,572.8
E05000270,13000,19.4,11.5,35,6400,27.5,5,75.9,465000,49950,53,53.6,11.2,33.2,58.4,57.9,24,0.9,3.1,327.6
E05000271,14100,15.1,7.6,32,8562.5,49.2,5,71.8,430000,37150,66.2,38.1,13.9,45.6,46.6,89.5,45.4,0.5,5.3,503.5
E05000272,12100,14.8,11.9,35,4740,31.5,7,79,732500,53710,67.8,49.4,11.1,37.4,65.7,56.6,41.8,0.8,4,395.5
E05000273,13100,17.7,9.1,34,11727.3,32.2,0,72.4,419000,40260,70.8,39.8,29.5,27.9,51.5,67.2,10,0.6,3.4,466
E05000274,11050,16.9,13.5,37,6411.8,26.1,0,78.4,820000,53910,53.6,58.5,9.4,30.5,62.8,71.7,30.7,0.9,3.2,390.9
E05000275,14700,17.8,8.2,31,11958.3,51.7,10,63.2,350000,30620,50.1,28.2,38.2,29.3,33.8,200.7,11.5,0.5,6.1,204.2
E05000276,15150,25.1,7.8,31,7763.2,53.5,10,52.3,252500,25090,66.3,20.5,48.6,25.5,20.2,130.5,23,0.5,4.1,108.1
E05000277,16100,17.6,8,32,14000,54.7,7,65.6,370000,32460,54.7,37.7,23.6,35.6,35.2,71,20,0.5,3.9,422.3
E05000278,16650,25.3,7.6,30,12500,49.1,6,63.7,372500,33500,55.8,31.2,31.8,33.1,29,80,21.8,0.5,4.7,353.6
E05000279,12250,15.5,7.8,34,10909.1,31.3,0,77.3,477500,44780,76.2,43.5,22.9,31.9,60.5,54,24.7,0.6,4.6,628.4
E05000280,15900,20.7,8.1,32,10928.6,55,4,61.3,326500,28920,59.6,26.8,39.2,30,29.2,134.5,10.5,0.4,5.8,261.5
E05000281,17300,22.2,7.6,29,8552.6,53.5,7,56.3,251500,27340,54.4,31.2,39.2,26.3,23.1,103.7,29,0.5,4.7,133.8
E05000282,14050,18.3,9.8,32,9821.4,54.6,4,63.3,350000,31110,57.6,33.7,36,27.7,30.6,80.4,38.2,0.5,4.1,251.5
E05000283,13950,23.9,8.2,31,8058.8,44.6,4,54.8,267000,27010,28.8,29.8,48.7,18.4,20.7,82.1,27.9,0.6,3.3,104
E05000284,15400,18.3,8.8,32,10000,54.2,4,66.6,345000,32010,54.4,37.6,23.2,36.4,32.9,84.2,26.8,0.6,4.7,153.8
E05000285,11650,20.4,14.8,37,6444.4,41.6,0,71.8,435000,42380,8.7,81.6,3.7,13.2,36.4,35.3,11,1.5,2,26.8
E05000286,13500,19.3,18.8,38,2339.3,40.1,4,71.9,402500,39890,44.5,66.5,10.2,20.4,40.8,42.1,57.3,1.3,2.7,27.8
E05000287,12050,21.1,12.4,33,8571.4,56.5,3,68.6,357500,33600,22.1,63.5,10.3,24.2,29.4,52.6,14.9,1.1,2.9,21.8
E05000288,13100,19.1,10.4,33,7617.6,52.7,7,71.1,272000,37550,65.1,42.9,11.4,42.5,46,129.9,7.7,0.8,4.6,57.8
E05000289,12850,21.9,12.5,34,3527.8,44.2,2,68.2,343000,39630,51.5,52.7,13.8,28.8,41.8,57.3,43.4,1,3.1,56.5
E05000290,11650,19,17.8,39,2532.6,36.7,1,69.1,384000,36940,21.1,68.4,15.9,13.7,32.3,47,56.3,1.3,2.8,29.8
E05000291,10950,18.6,20.3,42,3303,33,2,73.2,500000,42350,26.7,74.9,8.5,14.6,41.8,41.5,31,1.4,2.3,28.9
E05000292,10400,17.2,18,40,3136.4,37,7,73.8,427500,44470,16.8,80.5,4,13.3,43.6,40.9,49.5,1.4,2.7,48.7
E05000293,11600,20.4,12.9,35,7666.7,44.2,1,71.7,322500,39090,37.5,65.4,7.2,25.1,43,39.7,14.4,1.1,3.1,75.7
E05000294,11500,18.5,13.5,35,8846.2,57.1,3,68.5,380000,32880,17.6,61.3,14.8,21.1,27.6,33.5,7.2,1.2,2.5,10.5
E05000295,11550,17.3,15.6,36,6388.9,51.3,2,71.6,434475,38400,11,78.5,3,16,34.1,40,17.9,1.4,2.9,27.2
E05000296,13000,22.4,10.7,33,8000,51.6,6,68.4,268950,34450,44.1,55,11.1,30.8,35.5,60.9,8.3,0.9,3.8,80.6
E05000297,10300,18,21.1,42,3106.1,31.7,2,71.8,400000,43950,36.8,68.7,14.6,14.8,44.3,44.7,28.6,1.3,1.8,40.2
E05000298,10650,20.8,18.7,41,4416.7,29.4,0,75.2,520000,49420,21.4,81.5,6.7,10.5,47.5,24.5,22.2,1.4,2.2,43.5
E05000299,12350,21.3,12.2,34,7687.5,57.5,1,68.1,390000,35030,19,68.8,3.9,25.6,30.5,37.4,23.3,1.2,2.6,22
E05000300,11450,20.6,15.1,37,7600,48,1,71.5,380000,40310,16.4,74.7,2.2,22,37.9,33.5,10.7,1.3,3.2,36.4
E05000301,13150,24.5,10.3,33,8733.3,48.4,4,64.8,290000,32130,38,48,25.4,23.7,29.2,53.1,15.3,1,3,38.3
E05000302,12000,22.2,11.6,34,7468.8,48.4,3,68.6,355000,35110,20.9,66.2,9.5,22.5,28.9,64.1,18.4,1.2,3,47.6
E05000303,11450,17.5,23,41,2544.4,34.5,5,68.6,555000,39210,34.8,65.8,15,16.9,35.3,53.3,45.8,1.4,2.1,41.7
E05000304,11700,23.8,10.9,33,9708.3,46.9,3,65.1,310000,32080,32.1,55.3,15.1,26.9,27.2,54.5,3.3,1,3.3,48.7
E05000305,10700,19.9,13.9,36,7066.7,42.9,0,71.5,363500,40210,26.4,66,9.6,22,40.7,31.2,19.7,1.1,3.2,59.4
E05000306,17100,22.4,13,35,3785.7,17.4,3,72.7,207500,35250,32.2,63.5,17.4,17.1,21.3,71.9,44.9,1,2.9,99.7
E05000307,12650,16.8,24.3,45,1901.5,6,2,75.6,320000,42250,13.6,87.9,4.8,6.3,23.3,32.3,55.9,1.3,2.3,39.3
E05000308,12700,18.5,20,42,3391.9,10.9,3,73.4,250000,34730,17.9,75.2,15.1,8.4,16.5,39.4,55.7,1.1,2.6,57.4
E05000309,12100,15.3,23.4,46,2608.7,11.4,0,74.3,365000,43790,11,89.2,3.9,6,24.3,36.3,31.3,1.6,2,33.3
E05000310,15400,23.5,12.3,34,1916.7,10.7,2,63,229000,29400,27.9,48.6,41.9,7.6,13.2,79.9,68.4,1,2.6,47.3
E05000311,12600,15.9,21,44,4960,7.3,1,75.7,296500,39740,10.8,86.9,4.4,8,17.9,26.1,24.2,1.3,2.4,47.4
E05000312,13750,18.6,18,40,1730.3,9.4,5,72.2,250000,37010,21.9,71.7,16,11.3,20.6,67.8,60.7,1.2,2.4,47.6
E05000313,13200,20.5,17.3,38,1326.5,9.1,0,69.1,250000,33590,20.5,70.1,20.6,7.6,15.3,45.7,75.2,1.3,2.1,39.5
E05000314,13200,22.1,16.8,38,3779.4,13,5,64.3,217000,29560,24.1,53.3,37.1,8.1,13.7,68.2,45.3,1,2.1,44.5
E05000315,13150,15.9,18.8,43,4500,7.9,2,75.6,275000,39890,10.5,84.6,7.2,7.3,19.2,55.8,26.1,1.4,2.1,64.8
E05000316,13100,19.4,19.6,40,4316.7,9.3,4,73.2,250000,35820,17.5,77.6,11.4,9.6,16.3,52.2,32.1,1.2,2.5,65
E05000317,13050,17,22.8,45,3237.5,7.4,1,74.9,295000,40010,11,87.5,5.4,6.4,19.9,40.8,32.4,1.4,2.2,54.3
E05000318,13150,18.9,18,40,754.4,10.9,0,72.4,240000,34470,15.1,76.8,8.9,13.2,14.9,74.1,79,1.3,2,45.9
E05000319,18700,19.6,13.2,35,5931,16.6,4,74.4,225000,37160,45.9,60.6,13,23.5,26.3,167.9,8.1,0.9,4.2,81
E05000320,13650,16.7,21,44,4981.5,7.7,0,76.1,272500,38130,29.5,74.6,11.3,12.6,18.9,65.2,18.7,1.2,3.2,57.3
E05000321,16550,21.6,15.9,37,2198.5,11.8,2,70.5,242000,33160,24.7,69.9,19.8,9.1,14,56.7,45.1,1.2,2.5,71.4
E05000322,13400,18.1,17.5,39,5096.2,9.4,6,77.3,280250,41740,30.5,74.9,8.8,14.5,24.3,40.8,16.7,1.3,2.6,47.1
E05000323,12950,15.4,23.8,46,571.1,6.1,6,76.4,420000,47580,11.5,89.2,1.9,7.9,27.9,49.7,82,1.4,1.9,41.7
E05000324,14050,24.7,9.8,32,6595.2,45.4,1,65,250000,31800,26.4,57.3,19.2,20.5,22.4,81.6,27.7,1.2,2.4,69.3
E05000325,15950,26.5,9.4,31,3545.5,42.7,3,64,250000,30700,27.9,50.8,25.2,19.9,21.4,96.5,32.2,1.1,3.1,101.5
E05000326,14750,15.9,10.8,27,4424.2,29.3,4,57.5,273750,34630,29.2,55.3,22,20.9,23.6,96.8,40.5,1.1,2.4,105.3
E05000327,12100,19.8,16.4,40,6000,16.7,0,77.6,400000,43970,13.1,82.2,7.3,9.4,29.9,33.8,17.7,1.4,2.1,69.1
E05000328,13200,22.7,12.4,34,4350,30.1,5,71,275000,35410,18,71.1,9.7,15.9,21.1,52.6,44.9,1.3,2.4,81.1
E05000329,12600,17.2,21.2,44,3048.8,17.5,3,76.8,500000,47380,16.3,83.8,7.2,8.2,38.1,41.9,33.4,1.5,1.7,69.6
E05000330,7750,19.7,17.1,40,500,13.3,4,75.7,310000,37990,22.7,64.2,24,10.2,25,64.3,85.5,1.4,1.4,50
E05000331,13250,23.2,9.7,33,546.8,43.2,14,71.7,209000,33170,37.4,49.6,14.8,33.6,24.2,272.2,29.5,1.1,2.6,85.5
E05000332,13700,22.5,11.8,34,3722.2,23.3,7,72.4,311000,37250,14.7,68.7,14.8,14.6,24.2,55.8,48.2,1.3,1.7,91.1
E05000333,10750,17.6,20.9,44,1725.8,15.9,4,76.6,521000,48770,9.4,86,4.4,8.8,36,33.2,55.7,1.6,2.1,78.1
E05000334,11900,20.1,16,39,5875,16.2,0,80.5,372500,43460,18.6,80.9,4.1,13.3,29.6,38.8,18.1,1.3,2.9,64.9
E05000335,10850,16.1,21.3,43,1452.7,31.8,4,73.3,470000,46550,43.8,64.1,14.2,19.8,46.4,46.3,61,1.3,2.2,38.9
E05000336,12050,18.9,17.9,40,3606.1,27.9,4,74.3,413500,43320,29.6,67,15.5,16.1,37.1,53.9,33.3,1.3,2,54.8
E05000337,15750,26.2,8.9,31,5703.7,45.3,6,66.8,280000,31830,19.1,57.7,20.4,19.9,22.8,73.6,26.9,1.2,2.7,70.6
E05000338,12950,20.7,13,35,1723,23.2,5,77.5,305000,40060,26.6,69.4,10.1,19,27.3,64.8,62.8,1.2,2.5,129
E05000339,14900,24,9.7,31,4171.4,44.7,5,63.2,280000,30430,32.6,45.3,30.1,21.5,22.2,131.2,30.9,1,3.1,83.7
E05000340,13100,18.4,16.1,38,2771.7,23.4,5,74,349950,41470,26.2,67.3,12.7,18.2,34.9,100.6,34.4,1.3,2.4,88.5
E05000341,15000,13.6,9.3,28,4758.1,30.9,0,56.8,259000,34270,40.6,49.5,22.2,25.4,29.9,103.3,25.9,1,2.5,128.8
E05000342,15250,23.5,11.4,33,4257.1,27.6,1,69,249997,32680,31.2,51.3,26.4,18.5,24,81.5,31.9,1.1,2.4,123.9
E05000343,11600,18.6,17.1,39,2545.5,18.4,2,78.2,335000,43470,32.8,68.4,11,18.7,33.9,65.4,49.5,1.3,2.2,81.3
E05000344,14250,26.8,8.1,31,6087,42.7,2,66.1,250000,33240,29.9,54.8,21.8,19.4,26,76.4,33.4,1.1,1.9,95.7
E05000345,13750,22.7,10,32,3362.5,27.7,5,68.2,225000,32340,36.5,47.6,27.3,21.8,23.1,110.1,41.3,1,2.5,133.1
E05000346,12950,22.8,11.6,33,2965.9,31,1,72.2,229000,31870,33.3,48.2,26.9,16.4,20.2,65,52.5,1.1,2.1,183.2
E05000347,15800,18.5,10,32,4828.1,38.3,5,68,370000,35040,59.6,38,37.7,18.5,35.3,80,42.8,0.8,3.2,352.2
E05000348,11650,18.8,12.8,37,5087,34,5,76.1,772500,51830,52.3,53.9,16.4,27.9,55.7,83.5,42.2,0.9,3.6,419.3
E05000349,11700,19.7,13.8,37,5642.9,30.3,4,77.4,650000,49680,54.5,55.8,18.5,24.2,56,62.2,35.2,1,2.8,434.1
E05000350,12750,22.2,10.5,31,4722.2,56.2,1,65.6,226500,30860,34.5,43.8,29.1,24.7,26.2,74.4,26.4,1,2.4,99.9
E05000351,11850,20.3,13.6,35,3514.7,35.7,6,71.6,270000,32850,27.8,59.1,22.3,16,21.1,77.4,37,1.1,2.9,159.5
E05000352,15800,25,7.4,31,4968.8,32.3,2,71.8,225000,34010,40.1,45.7,27.2,20.7,25,69.8,41.4,1,2.4,222.3
E05000353,12400,23.6,11.9,33,3787.9,28.9,4,66.9,250000,31150,37.8,47.5,38.6,11.3,19.2,72.9,45.6,1,2.6,184.3
E05000354,12250,21.1,12.4,35,3347.2,28.5,3,72.9,250000,34340,33.3,61.1,21.3,14,22.2,70.5,41.4,1.1,2.6,151.6
E05000355,12600,21,11.5,33,7500,54.7,5,66.6,348000,33580,31.2,55,19.5,22.9,32,53,15.8,1.1,2.9,83.8
E05000356,12700,20.4,11.6,32,6400,56.5,3,67.5,248000,34030,32.2,56.6,15.7,25.7,33.4,63.3,27.1,1.2,2.3,63.2
E05000357,12750,22.9,10.9,32,3381.6,51.1,4,62.2,280000,29490,38.8,46.4,33.7,17.3,24.4,100.3,39.1,1.1,2.3,61.9
E05000358,16200,20.3,9.6,32,9441.2,64.5,1,71.4,249950,35830,51.1,38.3,16.9,38.7,42.8,166.8,11.1,0.7,5.1,116.9
E05000359,15250,24.3,8.3,31,5446.4,58,1,67.6,249950,32530,40.4,44.7,20,31.9,34.6,64,48.6,0.9,3.2,137.6
E05000360,11700,19,14,36,6555.6,38.7,1,74.1,375000,39920,15.3,74,5.1,19.2,32.9,41.4,17.9,1.3,2.5,201.8
E05000361,13750,19.2,10.7,32,8437.5,62.6,4,69.6,270000,31890,34.7,47,18.9,30.1,33.5,92.1,10.2,0.9,3.9,94.3
E05000362,12150,22.3,10.8,34,6125,33.8,0,70.6,301000,34790,50.7,44.3,34.1,18.6,33.8,69.5,22.6,0.9,2.4,273.9
E05000363,13350,19.3,12.9,35,2134.9,46,4,75.3,345500,42140,42,61.8,6.9,28.3,45.9,73.2,54.3,1.2,2.8,191.6
E05000364,14200,20.7,9.9,34,4862.1,36.7,1,73,365000,37040,58,43.8,27.4,23.8,38.9,82.2,42.5,0.9,3.6,310.8
E05000365,11800,15.8,13.2,36,6583.3,39.9,5,77,634000,47080,63.4,49.4,14.7,34,55.4,95,7.4,0.8,4.4,317.7
E05000366,12950,15,9.7,31,15937.5,35.5,9,68.1,715000,44970,80.5,31.7,38.5,27.3,51.5,131.4,11,0.5,5.7,610.3
E05000367,16700,13.1,7,29,14454.5,41.9,13,59.8,640000,39200,97.6,21.1,47.3,29.3,45.2,179.7,13.5,0.3,7.1,502.9
E05000368,14950,14.8,8.5,30,13227.3,37.3,5,61.7,447500,35840,81.6,22.6,44.7,29.8,39.1,138.8,16.4,0.4,5.3,532.5
E05000369,12500,18.2,9.9,33,15437.5,29.7,8,69.2,550000,40590,82.5,27.8,47.2,22,47.3,80.2,14.4,0.4,6.5,549.3
E05000370,12350,11.7,8.3,31,13444.4,38.5,11,62.6,732500,43350,90.4,29,42.3,26.5,47.9,154.3,9.3,0.4,6.9,480.6
E05000371,15300,17.6,8.6,31,16555.6,41.6,4,65.4,410000,33620,82.6,22.6,43.4,31.9,41.8,161.3,15.9,0.3,6.6,562.7
E05000372,12150,18.4,9.8,33,11950,30.9,0,74.5,667500,47810,73.8,41.1,31.1,26.1,58.8,98.2,21.6,0.5,4.7,819.2
E05000373,16400,16.2,6.5,31,14363.6,34.5,4,74.5,500000,43800,78.9,29.4,33.5,33.2,56.3,88.5,10.6,0.4,5.7,892
E05000374,12350,18.5,9.4,33,15125,32.9,1,65.7,447500,39090,76.6,32.9,45.3,20.1,43.7,74,18.3,0.5,4.2,444.8
E05000375,16050,15.1,7.7,30,15750,39.6,7,63.9,405000,35430,86.5,22.4,46.5,26.2,43.3,83.3,16.9,0.4,5.9,642.8
E05000376,12950,15.4,9.7,33,12600,34.7,5,68.4,452000,39470,81.8,28.5,43.3,25.7,46.9,115.5,16.6,0.4,6,572
E05000377,13500,18.3,7.7,32,16625,33.8,1,68.6,525000,39300,84.4,27.4,47,23.3,48.8,92.3,10.6,0.4,6.1,865.4
E05000378,13100,16.2,9.5,33,16062.5,32.8,2,67.8,495645,40860,82.3,33.6,38,26.1,48.3,76.5,8.1,0.5,4.5,716.1
E05000379,12500,13.8,9.5,33,13500,33.1,14,73,650000,46190,80.5,27,41.5,29.7,54.4,192.2,9.6,0.4,6.7,576.4
E05000380,13200,14.9,8.9,32,15687.5,32,6,70.4,667500,43870,73.2,33.2,40.4,24,53,127.1,10.4,0.4,5.3,608.9
E05000381,13900,17.5,8.1,32,17062.5,34.5,3,68.5,465000,38090,78.5,29,41.9,26.9,45.2,86.4,13.3,0.4,4.5,643.2
E05000382,10700,16.2,13.3,36,16916.7,59.6,3,66.2,1295000,54690,82.4,41.5,9.4,45.2,59.2,83.2,5.9,0.6,6.5,226.7
E05000383,8900,14.2,14.6,37,8700,61.7,8,69.2,1950000,64320,83.9,34,12.3,47.6,57.4,185.5,10.8,0.6,6.8,129.5
E05000384,8250,16.9,13.6,37,8944.4,52.8,4,71.6,1400000,65500,74.4,47.7,7,39.8,62.4,124.7,27.8,0.7,6.8,210.3
E05000385,8400,14.4,12.2,36,20625,44.4,0,69.9,935000,43560,90.2,24.9,45.2,28.1,48.6,172.2,10.5,0.4,5.4,343.2
E05000386,9100,12.8,10.7,33,17700,61.4,3,64.8,1325000,61810,88,39,9.1,48,58.7,109,13.4,0.5,6.9,167.8
E05000387,8250,15,17.7,39,13250,44.4,5,63,1050000,43920,84.2,32.6,43.4,20.9,41.2,89.5,29.3,0.5,4.7,152.7
E05000388,9300,12.1,9.8,34,18100,61,3,68.5,783250,44100,93.8,30.6,22.7,43.8,53.3,110.4,10,0.4,7,189
E05000389,9600,17.4,11.1,35,10111.1,46.1,3,59.3,533800,30100,91.4,11.9,67.8,17.4,32.1,130.9,34.6,0.4,4.5,222.3
E05000390,8850,13.9,16.6,39,14416.7,55.6,3,69.1,1587500,58100,83.5,34.7,16.4,43.3,55.1,188.3,8.5,0.6,6.6,137.1
E05000391,9850,18.6,13.6,37,9600,56.7,6,66.4,1375000,54770,78.9,45.5,11.9,38.2,58.8,70.8,27.7,0.7,6,206.4
E05000392,8750,18.3,17.2,39,12214.3,40.7,3,67.4,1343000,53430,70.3,34.9,38.5,23.6,51.2,97.2,15.4,0.6,5.4,229.7
E05000393,9750,19.1,13.7,36,15750,41.6,6,61.8,776000,36690,83.8,24.2,55.8,16.5,37.2,99.3,9.3,0.5,4.2,298.7
E05000394,7700,14,12.3,35,15100,51.2,3,74.8,1127500,55710,82.9,40.6,12.7,43,60.8,177.9,11.9,0.5,7,205.8
E05000395,9950,14.8,10.4,34,16166.7,63.2,1,66.3,1745000,63630,85.3,41.5,4,48.6,61.7,88,5.8,0.6,6,203.8
E05000396,9300,15.3,12.1,36,13000,53.4,7,74.3,995000,54550,84,46.2,10.4,40.2,60.5,80.1,28.1,0.6,6.2,256.6
E05000397,7350,13.6,21.7,43,7944.4,44.8,6,72.8,1995000,60600,77,45.3,13.6,35.8,56.1,117.9,43.1,0.8,5,155.7
E05000398,9600,18.6,11.6,36,13285.7,37.8,3,63.4,642500,36100,83.8,20.9,58.7,15.9,35.5,114.8,21.9,0.5,3.8,280.6
E05000399,8250,15.5,16,37,11571.4,48.7,8,73,1100000,54990,72.5,45.5,13.1,38.3,56.1,118.7,9.1,0.7,5.6,169.6
E05000400,9700,19.7,16.6,39,3537,27.2,3,75.1,404975,41390,12,80.2,4.9,13.3,32.7,34.7,43.7,1.4,2.2,174.1
E05000401,9800,18.2,15.4,36,6466.7,24.1,1,74.8,361125,42330,54.7,54.6,17.4,26.9,48.4,31.6,10.9,1,2.8,221.4
E05000402,10450,20.8,13.1,37,5447.4,32.4,0,71.6,435000,40700,30.4,63.7,11.5,22.1,41.7,64.5,26.4,1,2.8,211.5
E05000403,13300,23.4,8.5,33,10791.7,27.5,1,74.9,449500,45600,47.3,55.1,12.5,30.3,54.4,38.4,7,0.9,4.1,398.3
E05000404,9000,20.1,15.3,38,4710.5,17.2,2,76.4,310000,37230,17.2,74.8,14.8,8.6,22.8,43.9,27.5,1.3,2.4,108.4
E05000405,10550,20.9,14.4,37,1375,14.3,0,78.5,315000,38310,20.9,77.3,11.7,9.7,25.3,47.5,75.7,1.4,2.4,121.7
E05000406,10750,18.3,14.9,34,2420.5,40.6,4,64.5,480000,45650,42.1,61,11.6,25.5,44.5,47.8,42.1,1.3,2.5,142.7
E05000407,10050,20.6,14.2,38,6250,33.5,0,72.4,480000,44320,20.6,72.3,6.9,19.4,47.4,26.2,11,1.2,2.3,198.6
E05000408,11800,16.8,8.8,30,6105.3,31.4,6,66.8,400000,41410,68,47.5,13.2,37.5,47,268.5,23.6,0.8,4.2,267.1
E05000409,10600,20.1,9.2,32,8076.9,34.1,6,68.2,341750,34650,48.9,42.3,31.2,24.3,35.8,62.4,34.5,0.8,3.6,268.5
E05000410,9700,19,18.1,40,5361.1,27.3,1,74,395725,41760,18.5,77.4,9.1,12.3,34.4,29.6,21.3,1.4,2.7,103.5
E05000411,9250,18.2,18.1,41,4181.8,37.3,5,71.9,443567.5,41850,16.3,75.3,9.3,14,38,33.8,28.2,1.3,2.6,121.8
E05000412,10900,12.2,8.3,30,7785.7,29.1,3,69.4,395350,44930,70,53.1,6.7,38.6,48.3,49.7,23.9,0.9,3.7,246.6
E05000413,10950,17.4,13.5,35,6352.9,25,2,78.2,396770,43160,57.7,60.5,7.5,30.7,52.2,29.6,5.8,1,3.3,211.1
E05000414,10650,20.1,13.8,36,3961.5,26.1,3,76.2,337195,37840,22,71.2,10.7,16.5,30,53.7,33.1,1.2,2.3,144.8
E05000415,9850,22,14.9,40,6125,23.9,2,76.9,550000,48530,25,76.5,7.5,14.2,51.3,33.1,22.7,1.2,2.3,327.2
E05000416,11400,10.9,8.2,31,7066.7,43,12,66.2,590000,40360,89.2,21,41.8,33.9,47.2,243.6,31.6,0.4,7.6,327.6
E05000417,16650,16,6.7,31,14863.6,37.4,1,75.3,420000,39050,74.4,32.8,32.2,31.9,49.6,91.5,13.1,0.5,4.9,930.6
E05000418,13600,15.8,7.1,31,10192.3,33.5,1,80.3,620000,49520,68.4,42.6,23.7,32.4,63.3,85.6,27.9,0.7,4.1,704.6
E05000419,14850,14.3,6.7,31,13045.5,35.2,7,80,610000,44960,74.8,33.7,29.7,33.8,59.7,142.5,13.1,0.5,5.1,742
E05000420,17500,20.2,6.1,30,14333.3,43.7,7,64.9,435000,32220,79.6,16.1,59.1,21.5,36.8,180.9,14.4,0.4,5.4,629.9
E05000421,16400,12.5,5.9,30,17555.6,41.7,2,77,497475,39480,79.3,26.5,37.4,34.2,52.9,145.6,10.3,0.4,6.3,771.3
E05000422,13900,22.7,8.4,33,8625,30.6,3,69.7,350000,36650,61.9,37.2,36.6,24.1,39.3,79.6,25.7,0.6,3.7,411.2
E05000423,15600,19,7.6,33,7700,35.3,6,75.3,432500,41700,67.2,37.2,31.8,29,52,92.4,37.9,0.5,4.5,1057.4
E05000424,15200,22.6,9.2,33,9966.7,35.3,3,68.8,355000,36950,57.2,42.9,30.6,24.8,38.2,74.6,13.3,0.6,4.1,336.9
E05000425,18000,16,6.4,30,16181.8,42.2,6,73.5,430000,37260,83.7,25,41.4,30.3,48.5,92.8,20,0.4,5.2,791.9
E05000426,16600,13.7,7,31,12269.2,42.6,8,74.3,699995,39200,87.3,26.2,34.8,34.7,51.6,127.4,24.9,0.4,6.9,813.9
E05000427,15400,16.5,9.2,33,12458.3,38.5,6,71.1,495000,37600,85.5,27.2,47.1,20.4,46.5,119.3,20.7,0.4,6.3,673.2
E05000428,15200,18.3,7.7,32,10642.9,40.4,7,75.6,340000,39880,70,39.7,14,44.7,46.3,104,12.1,0.6,5.9,497.5
E05000429,15250,18.4,7.1,32,16777.8,44.9,3,71.2,391375,35050,86.5,24.8,45,27.3,41,83.7,13.2,0.4,5.4,684.1
E05000430,15150,18,8.2,33,11307.7,37.8,7,74.6,359000,39250,71,41.1,24.9,32.1,46.4,76.9,14.1,0.6,5.3,592.6
E05000431,14750,20,11.2,33,8558.8,44.5,2,70.4,375000,36710,34.4,53,15.5,28.8,34.8,74.9,26,0.8,4.1,282.9
E05000432,15250,19.8,8.3,32,10066.7,41.2,3,74.2,345875,38270,69.9,41.5,20.8,35,42.6,72.7,18.3,0.6,4.4,440.4
E05000433,14000,19.9,7.6,31,12045.5,37,1,74.3,511250,41880,72,38.2,39.1,21.2,47.8,55.2,22.4,0.6,3.5,525.1
E05000434,13800,22.7,9.6,34,9133.3,30.3,4,74,412747.5,41600,60.2,41.9,27.1,29.3,50.3,73.2,19.7,0.7,5,587.1
E05000435,16250,20.3,6.7,31,16000,38.6,4,70.5,417000,35610,75.4,29.2,43.2,24.8,42.7,80.3,16.6,0.5,4.4,773.2
E05000436,15600,16.5,7.2,31,13590.9,40,8,67.6,395000,34830,77.2,23.2,53.2,22,41.3,81,16.8,0.4,4.4,694.2
E05000437,15300,24.1,10.4,34,4854.8,29.6,2,64.9,265000,31340,43.9,40.1,44,13.9,23.5,94,46.7,0.7,3,117.8
E05000438,15000,18.1,10.5,34,6304.3,29.3,4,74.1,385000,44870,69.9,43.2,28.8,27,53.2,83.9,34.6,0.7,4.9,287
E05000439,18550,15.8,6.1,31,10558.8,36.8,6,71.3,330000,38100,71.9,31.5,30.1,35.7,47.3,78.8,13.3,0.5,5.8,526.4
E05000440,15650,20.6,11.5,36,8157.9,32.2,3,70.2,332500,39070,30.4,65.8,12.6,19.9,34.2,44.8,3,0.9,3.3,193.6
E05000441,15350,20.8,9.5,35,8882.4,30.1,3,73.9,455000,42560,43.1,55,16.8,25.8,45.1,58.4,20.7,0.7,4.1,456.8
E05000442,15000,23.4,12.4,34,6145.8,24.8,5,63.6,242500,30880,23,44.2,40.9,13.1,20.2,78.9,30.1,0.7,3.3,98.5
E05000443,18550,22.9,5.8,30,9777.8,44.8,4,63.7,315000,30560,79.7,16.7,57.3,21.4,33.5,69.6,22.6,0.4,3.1,321.7
E05000444,15300,21.5,9.8,35,8388.9,31.1,0,73.6,340000,40960,65.3,47.4,26.4,24.5,46.4,69.9,22.2,0.7,4,346.3
E05000445,15100,20.5,12.4,35,6208.3,26.9,2,69.3,250000,36150,37.3,53.5,26.7,17.9,29.2,50.6,21.6,0.9,3.2,148.8
E05000446,15200,17.9,8.9,33,9281.3,35.4,2,70.5,370000,40290,47.9,49.3,23.6,25.2,44.5,55,25.7,0.7,4.5,431.9
E05000447,15050,20,11.4,36,8222.2,28.9,1,75.1,402500,42760,48.2,53.7,21.2,23.4,46.1,60.9,11.7,0.7,3.6,290.3
E05000448,20250,20,7.4,32,8976.2,41.2,7,69.6,290000,35760,69.6,35.1,27.4,33.7,42,134.9,13.8,0.5,5.2,302.4
E05000449,17650,20,5.5,30,9305.6,46.6,2,64.6,242000,31520,73.1,25.4,40.5,31.6,34.7,108.5,16.5,0.5,4.4,368.5
E05000450,16050,20.8,9.7,35,9323.5,30.5,7,72.9,355000,39130,56.3,48.1,26.5,23,41.5,54.6,9.7,0.7,3.4,325.8
E05000451,16650,22.7,8.2,33,8777.8,38,7,66.2,270000,34670,57.8,41.4,26.9,30.3,32.9,118.7,24,0.6,5.2,197.7
E05000452,16150,20.7,11.4,35,9352.9,30.2,1,69.1,350000,37060,62.6,42.9,34.7,20.8,36.6,73.2,13.1,0.7,4.1,205.2
E05000453,17250,18.8,7.1,32,11233.3,36.9,5,70.6,360000,37230,66.1,31.7,36.6,29.2,43.7,51.1,16.5,0.6,5.2,553.3
E05000454,15050,24.2,10.6,33,6659.1,29.5,4,64.8,248000,32840,31.1,49.2,34.5,14.7,22.7,70.4,27.9,0.8,2.8,98.6
E05000455,10600,18.6,8.7,33,7607.1,38.3,3,80.3,482500,45370,51.1,48.5,14.1,35.7,55.4,71.6,12.8,0.7,5.1,245.1
E05000456,9500,17.9,17.7,40,4340.9,29.6,5,75.9,455000,42320,14.4,79.9,5.5,13.4,35.2,35.4,42.7,1.2,2.6,153.9
E05000457,11250,16.7,8.6,33,10181.8,47.2,5,76.7,350000,38780,55.5,48.7,12.6,36.8,43.1,79.1,14.6,0.7,3.9,280.9
E05000458,11800,24.1,11.2,33,3933.3,39.5,8,65.7,245000,29930,47.1,41.7,36.9,18.5,23.3,78.5,50,0.7,2.9,119.2
E05000459,9650,18.8,10.5,34,8000,35.6,4,83.2,565000,49910,34.8,61.5,3.7,33.6,60.7,60.4,15.3,0.8,4.9,216
E05000460,11700,24.5,9.7,32,10545.5,44.9,3,66.3,250000,30860,49.4,46.8,27.3,23,25.3,78.8,23,0.8,3.6,141
E05000461,10100,19.8,11.7,34,11222.2,54.1,0,71.6,388000,35580,27.8,61.8,3.9,32.8,32.1,55.6,12.3,0.9,3.4,154.4
E05000462,9250,15,14.1,35,7708.3,41.6,2,79.8,563750,51480,69.5,50.1,9.9,38.4,64.6,56.7,5.6,0.8,5.4,145.4
E05000463,10650,21.4,8.2,32,8875,46.1,1,72.6,280000,33360,41.2,47.6,20.4,30.1,32.6,57.9,18.6,0.8,2.7,183.4
E05000464,10500,21.6,11.2,34,6966.7,42,1,69.9,295000,34350,21.2,69.1,10.6,18.2,27.5,50.9,36.6,1,2.8,99.5
E05000465,9350,18.9,16.4,39,5194.4,22.1,2,78.1,320000,38730,19.9,84.4,4.1,10.3,24.5,33.1,34,1.3,2.2,111.8
E05000466,9750,19.9,15.9,37,5444.4,35.5,2,75.2,522500,46300,29.4,72.2,3.9,22.7,50.1,54.8,18.8,1,3.8,202.2
E05000467,10800,23.7,10.8,33,4863.6,35.9,1,67.8,288000,31940,21.7,61.3,24.1,13.1,23.4,60.2,52.8,1,2.6,114
E05000468,10250,21.7,13,35,5694.4,36,1,69,285000,32330,29.7,55.6,25.1,18.2,25.1,63.7,37.8,0.9,2.9,103.2
E05000469,10000,20.5,14.2,37,5263.2,33.4,1,77.6,499500,49340,49.8,61.9,10.7,26.2,54.3,43.9,24.4,1,3.8,187.7
E05000470,10650,22,13.4,35,5944.4,33,1,69.4,280000,32530,25.1,53.3,31,13.7,23.4,51.4,41.6,0.9,3.1,122.3
E05000471,10000,20.5,8.8,34,9136.4,36.1,2,80.7,497000,47380,51.6,52.9,11.9,33.5,59.6,83.9,15.7,0.8,3.9,237
E05000472,8750,18.9,20.3,43,1411.3,34,2,71.3,1530000,62200,33.5,68.7,5.6,23,62.3,52.2,62.2,1.4,2.4,152.9
E05000473,10200,20.9,14.5,37,5075,33.7,5,76.5,475000,44170,19.1,76.3,5.2,16.8,41.9,49.6,32.4,1.1,2.9,174.7
E05000474,11500,23.6,9.1,33,5021.7,32.9,3,78.4,732500,50730,39,60.7,8.3,27.8,59.6,42.2,28.5,1,3.1,297.5
E05000475,16700,22,4.9,29,2539.7,49.7,1,60.3,233500,34100,40.1,28.9,36.5,31,27.9,125.2,30.9,0.7,2.8,127
E05000476,16350,24.9,8.1,29,18055.6,54.8,1,58.2,250000,31630,34.8,40.9,25.8,30.9,28.8,69.8,6.1,0.6,4,81.8
E05000477,16650,21.4,7.6,30,6300,47.9,1,59.5,249000,28910,56.2,23.3,49.3,25.1,23.9,93.9,21.6,0.5,4.7,85.4
E05000478,20350,19.8,6.1,30,10166.7,47.5,3,64.4,280000,32870,69.2,19.8,36,39.9,33.3,64.8,26.6,0.5,3.6,148.1
E05000479,14850,23.5,6.7,30,6738.1,46.9,2,62.8,250000,31840,38.1,30.3,41.4,24.4,24.2,108.1,30.6,0.7,3.2,99.3
E05000480,16200,22.4,7.5,30,16200,61.4,6,58,250000,32380,32,43,15.7,39.7,32.6,111.8,10.8,0.6,4.7,78
E05000481,14250,21.5,7.8,29,15722.2,60.2,4,56.3,249995,32340,32.3,46.4,17.6,34.1,31.1,54.7,12.4,0.7,4.4,43.9
E05000482,16250,26.3,7.3,30,8861.1,46.6,2,59,240000,31430,35.5,42,31.1,25.2,24.1,67.1,23.5,0.7,2.6,89.3
E05000483,16550,21.2,7.4,30,13750,50.5,6,64.7,313000,34270,45.1,35.5,28.9,32,33,64.7,13.8,0.6,3.2,218.8
E05000484,18150,20.2,6.4,29,14875,54.8,1,62.1,263900,34550,57.8,29.6,26.4,40.5,32.7,87.9,2.2,0.6,3.9,175.7
E05000485,16250,22.3,6.2,29,23071.4,62.2,1,55.4,260000,31570,33.6,42.9,12.8,42.2,30,60.1,2.4,0.6,3.7,63.4
E05000486,15500,21.5,7.8,29,19187.5,61.1,8,54.3,250000,31080,36.2,43.8,13.5,40.8,29.8,71.2,3.2,0.7,4,58.7
E05000487,17100,27.9,6.7,28,8921.1,54.5,7,53,230000,29730,47,32.9,30.1,34.4,24.6,75.6,48.6,0.6,2.7,63.5
E05000488,15600,24,7.1,29,11923.1,56.2,1,55.8,249974.5,31580,43.7,38.7,22.5,36.3,30.2,66.8,26.6,0.7,4,95
E05000489,15800,23.4,7.6,30,15700,52.1,1,58.4,250000,30740,52.1,28.8,41.7,25.6,26.8,61.9,10.7,0.5,4.4,112.7
E05000490,16800,27.9,6.5,29,11892.9,51.7,4,61.8,250000,31750,29,41.9,25.1,30.7,26.2,92,14.6,0.6,4.4,124.6
E05000491,16550,20.8,3.7,29,2843.8,48.3,3,71.9,303500,38580,75.4,25.5,30.8,41.3,42.7,71.5,56.8,0.7,2.8,103.5
E05000492,26700,13.9,4.7,29,5333.3,54.9,8,68.9,280000,35840,69.6,19.8,31.8,42.5,40.6,240.9,44.7,0.4,5.8,232
E05000493,15150,25.4,6.8,29,10750,59.8,3,57.1,250000,32330,26.5,44.3,17.7,36.2,29.6,46.6,33.9,0.7,3.7,52.1
E05000494,16150,20.3,7.6,30,12269.2,51.2,2,63.1,273500,32310,50.7,28.4,40.9,28.1,29.8,58.8,27.2,0.5,4.7,147
E05000495,15800,22.3,12,33,1796.5,38.4,4,67.4,315000,37310,26.6,65.3,11.3,20.1,32,66.3,78.2,1.1,2.7,38
E05000496,13150,19.7,15,35,8766.7,40.5,3,67.3,368750,39620,24.1,74.7,4.7,19.3,35.2,50.5,1.3,1.2,3.2,38.6
E05000497,11850,20,14.8,37,4596.2,21.6,2,73.2,340000,39320,25.1,69.8,13.8,14.8,29.9,58.6,35.8,1.1,2.5,62.5
E05000498,14850,25.4,10.1,32,9900,31.6,1,68.4,250000,36700,31.6,65.3,10,21.3,28.5,54.5,5,1,2.4,57.1
E05000499,11900,19.5,12.4,35,7966.7,22.1,2,79.3,340000,45410,52.9,62.2,8.2,26.1,46.3,61,4.8,1.1,2.7,121.2
E05000500,13600,19.5,15.4,36,5480,38.8,1,67.8,390000,41450,13.6,80.8,4.9,13,34,54,22,1.4,2.3,34.3
E05000501,16950,27.9,7.4,29,12423.1,55.6,5,56.5,235000,30230,34.9,45.4,10.7,41,32.4,136.7,7.1,0.8,3.4,32.8
E05000502,13300,21.6,12.7,33,5562.5,44.5,4,62.8,367500,38290,28.9,68.3,5.3,25,37.2,73,39.9,1.2,3.8,48.1
E05000503,12900,20.8,13.9,36,3611.1,25.1,1,70.8,310000,37560,26.2,69.7,9.7,18.4,25.5,57.7,48.4,1.2,2.8,35.4
E05000504,13150,20.9,15.8,37,6045.5,29.6,2,66.7,339497.5,35690,26.8,68.8,14.9,14.5,26.5,55.4,23.7,1.2,2.4,43.3
E05000505,13400,25.3,8.5,31,8437.5,46.3,2,61,307000,33820,29.3,57.3,8.5,32.1,31.4,70.3,27.7,1,3.7,43.3
E05000506,13550,22.7,14.1,36,2410.7,22.2,1,65.1,249999,31520,22,57.9,27.3,12.3,20.4,60.4,62.6,1,2.4,53
E05000507,17700,29.2,6.9,28,13423.1,53.2,2,53.5,193000,28500,36,41.1,22.8,32.7,31.1,86.2,16.8,0.7,3.4,39.3
E05000508,13950,24.4,11.8,32,7394.7,41.1,1,63.5,305000,35630,15.3,71.7,7.6,18.8,29.9,52.5,14.3,1.2,2.7,50
E05000509,10650,16.5,21.8,44,3451.6,18.8,1,76.2,499747.5,48780,32.1,81.4,4.4,12.5,41.6,48.1,31,1.4,2.6,74.3
E05000510,17450,24.8,9.8,31,8309.5,47.5,2,63.2,315000,35550,29.3,60.9,10,26.4,33.4,54.9,21.4,1.1,3.1,55.4
E05000511,12550,23.3,11,35,5434.8,28.2,3,73.8,302500,41040,38.9,64.1,15.9,18.7,37,50.3,35.7,1.1,2.5,95.2
E05000512,16950,24.9,9,31,7809.5,47.6,1,60.1,294000,34480,30.5,57.1,8.2,32.7,31.7,87.3,21.4,1,3.1,48.5
E05000513,12100,17.8,16.8,38,6100,27.2,2,78.1,361392.5,45160,56.3,62.1,11.8,24.4,50.1,51.8,12.6,1,3.6,149.1
E05000514,15050,26.2,8.8,31,9900,50.3,6,60.6,225000,34900,50.5,46.9,8.9,42.2,36.9,104.5,13.3,0.8,4.5,63.3
E05000515,11700,20,16.5,40,2278.8,22.8,2,74.5,460000,46370,31.6,71.5,14.3,13.1,45.3,71.8,66.5,1.1,2.5,182
E05000516,10500,19.9,16,39,3500,32.2,4,72.3,1362500,55450,43.4,57.5,17.9,22.7,57.5,55.7,54.4,1,3.4,367.8
E05000517,10500,23.6,15.7,39,1810.3,23.6,6,78.2,985000,56090,29.9,70.2,7.6,21,61.6,48.7,76.6,1.1,2.6,398.4
E05000518,10300,21.8,14.1,39,5421.1,16.7,2,79.6,480000,48810,33.6,71.6,8,19.4,52.8,44.7,32.7,1.1,3.2,374.5
E05000519,10550,19,17.8,40,1122.3,30.5,4,73.4,500000,44870,43.8,59.7,18.5,19,46,56,81.9,1,2.1,383.7
E05000520,10250,20.1,18.2,41,1478.3,16.7,4,77.2,599950,46750,27.7,68.2,13.8,15.8,47.2,49.7,74.7,1.2,2.7,299.9
E05000521,9600,19.4,17.2,40,5052.6,20.1,2,73.5,335000,39440,27.4,62.1,22.5,12.4,36.3,47.9,28.2,1.2,2.1,246.5
E05000522,10550,20.3,13.9,39,3888.9,20.3,1,73.1,455000,46760,53.1,62.3,15.1,20.2,53.6,46.2,50,1.1,2.7,326.7
E05000523,10600,19.9,16,37,5552.6,26.6,2,70.8,380500,36950,25.5,65.3,21.2,11.4,29.8,55.3,27.1,1.2,2,171.1
E05000524,11650,21,15.2,39,3236.1,30.2,2,77.1,630000,52130,46.9,60.2,9.9,27.4,62,56.7,56.7,1,2.9,331
E05000525,11100,23.4,12.7,37,5815.8,25.6,4,77.9,746500,50100,49.8,58.1,16,24.3,57.6,64.1,39.1,0.9,3,498.8
E05000526,11050,19.9,14.5,37,3910.7,28.3,2,78.4,625625,50860,41.9,56.6,16.9,24.5,59,58.6,54.1,0.9,4.4,353.1
E05000527,11800,23.1,9.2,36,5775,23.3,4,80.8,600000,52870,40.6,68.3,4,25.3,62.6,58.3,23.6,1.1,3.1,378.2
E05000528,11100,17.1,14.2,37,4092.6,33,4,76,655000,52690,59.4,51.5,13.9,32.7,63.6,110.7,47.4,0.9,4.2,217.2
E05000529,10100,19.6,11.8,36,5970.6,18.8,3,76.8,555500,51380,32.8,70.5,6.6,21.3,55.3,35.3,26.7,1.1,3.5,322
E05000530,10550,19.3,15.2,39,2453.5,17.8,4,79.9,499950,50600,46.1,66.3,8.5,23.5,58.5,46.4,64,1.1,3.2,306
E05000531,10650,19,12.9,37,5325,26.8,1,80.7,458725,51350,60.2,57.5,6.2,34.3,63.8,66.7,37.8,0.9,4.5,284
E05000532,10750,22.5,12.7,37,4280,21.1,4,79.5,450000,45040,25.1,71.7,11.5,15.3,45.1,55.2,45.6,1.1,2.7,345.2
E05000533,10050,19.1,17.9,39,6250,23.3,1,76.5,420000,42230,22.3,73.7,9.8,14.7,36.9,49.6,21.2,1.2,2.4,259.3
E05000534,13600,19.8,7.1,32,14833.3,40.6,2,66.8,346500,36310,74.1,30.1,46.6,20.5,41.5,104.8,7,0.5,4.1,663.9
E05000535,15950,21.3,7,32,15450,46.8,3,64.6,310000,31840,89.6,15.4,63.5,18.5,34.3,111.2,1.6,0.4,5.6,520.3
E05000536,17250,9.9,7,29,9027.8,40,9,62.9,580000,40430,88.9,24,42.8,28.7,45.8,184.9,15.7,0.4,8,577.3
E05000537,16200,14.3,5.2,29,19750,45.2,6,66.4,442000,37780,95.6,21.4,43.3,29.7,48.8,114.4,5.6,0.4,7.2,563.9
E05000538,11900,20.6,12,36,3687.5,30.7,5,71.1,350000,42600,66.6,49.5,27.2,20.6,48.7,73.3,43.7,0.8,3.4,308.1
E05000539,12400,20,9.1,35,12250,25.9,2,79.2,572500,48670,48.9,52.3,20.3,25.8,56.5,60.3,0.7,0.7,4.1,640.4
E05000540,13850,17.8,7.8,30,11545.5,43.8,3,62.5,315000,31010,82.9,15.7,53.9,27.1,32.4,159.3,24.1,0.4,5.8,370.4
E05000541,13050,23,7.5,31,14333.3,45.9,3,62.3,315000,30760,89.1,13.6,68.4,16.7,28.6,97.4,30,0.4,4.7,385.1
E05000542,17600,14.1,5.7,30,13750,38.3,2,69.1,500000,38500,90.8,21.9,45,29.8,46.3,106.2,4.5,0.4,5.1,598.4
E05000543,15000,22.9,8.6,31,10357.1,44.3,5,60.3,289995,28880,77.3,15.7,66.9,14.5,27.9,98.2,4.5,0.4,4.3,281.4
E05000544,15500,16.9,8,31,18562.5,42.5,4,66.3,380000,34190,83.3,21.9,54.2,21.3,37.5,110.4,3.7,0.4,5.8,605.3
E05000545,13850,20.7,9,33,10538.5,39,2,65,356250,33540,58.6,30.8,47.4,18.9,34.8,68.7,20.1,0.5,4.8,468.3
E05000546,15350,23.7,7.2,30,16666.7,47.6,1,61.2,285000,30030,72.6,18.8,59.4,17.4,30.6,95.7,7,0.5,4.1,312.9
E05000547,13550,21.7,8.5,34,5847.8,28.8,2,74.9,421000,42820,60.7,46.7,25.3,25.6,49.7,56.5,45.7,0.7,3.5,668.2
E05000548,16600,13.6,6.4,32,11923.1,40.5,3,74.9,585000,43110,92.7,28.7,34.3,32.3,54.9,101.9,23.2,0.5,4.4,481
E05000549,15050,17.7,6.9,31,9600,43.4,1,69.3,421800,36970,80.6,24.3,45.6,25.7,43,97.5,34.1,0.5,5.3,387.5
E05000550,14400,19.8,7.4,31,14050,41.1,0,64.8,288025,31150,76.8,21.2,52.3,21.8,30.9,103.3,3,0.5,3.7,406.5
E05000551,13200,19.2,7.3,32,9884.6,35.8,1,70.7,396089,41130,70.3,39.7,37.9,20.2,49,52.2,19.9,0.6,4.6,575.8
E05000552,15400,12.7,6.1,32,7605.3,42.7,3,77.7,415000,45410,68.8,38.4,23.9,35,56,53.7,40.3,0.6,2.9,539.7
E05000553,16450,21.6,8.8,33,11357.1,37.7,7,68.9,407500,37940,62.7,32.5,41.5,21.7,42,138.1,6,0.5,6,754.7
E05000554,12500,22.3,12,37,4446.4,22,1,77.2,850000,58400,32.5,64.9,15.5,18.2,63.7,57.5,33.8,1,4.1,638.3
E05000555,10550,20.7,14.5,39,2110,16.6,1,77.2,289000,39290,15.1,79.9,9,10.1,25.1,59.6,53,1.3,2.6,115.5
E05000556,10900,21.4,15.9,38,3548.4,20.1,1,69.1,386000,35600,29.8,54.7,35.9,5.8,26.7,52.9,39,1.3,2,75.5
E05000557,10350,18.5,17.6,40,4500,22.1,2,76.2,290000,44260,44.7,69.9,10,18.8,40.4,35.6,19,1.2,2.3,80.7
E05000558,10400,19.8,15.3,39,5200,15,2,78.6,318000,42200,30.6,75.5,7,16.7,35.7,44.4,26.9,1.2,3.3,153.8
E05000559,10200,20.8,16.9,41,1422.5,13.9,3,76.5,419995,44270,18.6,81.2,10.6,7.2,34.8,34.1,68.2,1.5,2.1,80.6
E05000560,10550,18.5,20.3,43,2705.1,18.6,0,76.4,376000,46220,20.2,83.4,2.5,13,38.6,33.9,24.7,1.5,2.2,85.5
E05000561,10900,17.5,18.9,42,5736.8,15.7,0,79.1,388500,42640,18.9,85.5,3.6,10,27.1,44.4,10.4,1.4,2.3,124.2
E05000562,12300,24.7,10.7,34,8200,22.6,4,69.6,248000,31040,22.4,45.6,40.5,11.8,17.7,71.9,25.8,1,2.9,97.5
E05000563,11000,18.7,16,40,5500,18.1,1,77.9,347500,39210,11.8,85.5,3.7,9.7,22.5,48.5,21.5,1.4,2.5,103
E05000564,11550,21.4,11.2,35,8769.2,26.9,1,75.6,240000,35660,60.3,51,22.7,23.1,31.2,158.4,12.9,0.8,4.9,127.4
E05000565,10600,20.9,17.4,39,5605.3,21.1,3,75.6,300500,38060,28.1,74.2,11.1,13.6,25.7,46.1,28.5,1.1,3.3,104.1
E05000566,10000,16.9,17,37,7653.8,29.4,0,78.1,250000,40460,77.5,54.4,11.9,32.8,41.6,42.5,8.1,0.9,3.3,86.2
E05000567,10900,18.6,14.2,37,6055.6,25.1,2,79.3,270000,41610,51.9,68.3,3.9,26.8,38.6,33.8,23.1,1.1,3.5,125.1
E05000568,10500,20.2,14.1,38,7000,15.3,1,77.5,257500,36790,34,71.5,14.7,12.7,23.2,61.4,18,1.1,2.6,121.6
E05000569,10900,20.8,14,38,6843.8,16.6,3,76.8,272000,38710,42.7,67.9,12.9,17.4,30.3,50.6,19.2,1.1,3.5,110.6
E05000570,10650,18.8,17.5,39,6235.3,18.5,1,74.2,246000,37960,54.2,63.7,16.4,18.6,32,50.5,9.5,1.1,3.4,87.9
E05000571,12250,24.5,9.2,33,5761.9,19.8,2,72,243500,32330,33.7,50.1,33.6,14.3,21.5,65.6,40.5,1,2.4,168
E05000572,11950,22.1,14.4,37,5975,21.5,1,78.9,338000,40610,21.5,76.6,6.4,15.7,30.8,44.6,22.3,1.2,2.4,163.4
E05000573,14750,17.8,6.5,30,17812.5,38.7,2,64.6,383000,36230,89.6,21.6,46,29.8,40.2,119,6.3,0.4,6,835.7
E05000574,15150,19,4.9,28,16333.3,45.5,7,55.9,357500,32860,89,21.2,44.9,31.5,35.5,121.3,16.9,0.3,6.8,462.9
E05000575,23250,18.8,4.7,30,7116.7,48.6,3,70.8,380000,43330,88,26,28.6,41.4,50.8,60.3,42.2,0.5,3.8,320.5
E05000576,15650,17.7,6.8,30,8026.3,30.9,3,68.9,325000,36800,81.8,22.6,42.8,30.3,42,98.9,39,0.4,3.6,711.9
E05000577,13650,19.6,7.7,30,10230.8,32,4,66.3,415000,41000,68.2,31.5,39,26.7,43.6,98.5,42.8,0.5,5.2,688.8
E05000578,19750,24.6,5,28,15500,43.5,3,55.1,302500,31980,88.2,15.6,55.9,24.2,27.9,79.3,11.6,0.4,4.2,258.5
E05000579,16550,25.8,6.1,28,13000,39.5,2,52.9,293000,29680,83.3,18.2,57.5,20.1,23.4,108.4,12.4,0.4,3.5,164
E05000580,17100,22.1,5.6,30,15000,43.8,9,64,375000,36260,91,26,41.2,29.8,37.4,88.8,23.3,0.5,5,329.1
E05000581,16200,18.3,5.8,27,17555.6,40.6,5,55.4,385000,34300,85.2,25,46,25.8,34.2,86.6,12.5,0.4,5.4,558.1
E05000582,15200,22.4,5.3,27,12954.5,43.5,6,56.1,325000,32510,86.7,18.5,52.9,27,31.9,87.3,33.3,0.4,5.3,311.3
E05000583,26350,17,3.7,30,9860,52.1,3,73.6,420000,46940,86.9,27.5,20.6,48.1,57.2,74.4,35,0.5,3.4,385.3
E05000584,17100,22.2,7.6,28,16650,39.8,4,55.4,363250,32930,74.9,19.5,54,19.6,29.9,78.5,21.2,0.4,5.4,414.7
E05000585,13550,14.8,6.5,32,8633.3,41.5,2,76.5,453000,50770,87.5,39.9,20.3,36.7,57.8,96,36.9,0.6,4.4,525.7
E05000586,15900,23.2,6,29,15450,45.1,7,60.7,370000,36360,91.8,22.8,42.7,28.9,37.7,86.9,24.2,0.4,6,352.8
E05000587,11800,13.8,5,29,18416.7,50.7,8,60.9,499995,39910,87.2,25.7,31.9,40,44.4,188.8,1.4,0.3,6.9,379.1
E05000588,15050,16.5,6.4,30,17687.5,41.2,8,67,510000,37760,86.9,24.3,43.4,30.3,43.9,136.8,15.4,0.3,5.5,809.9
E05000589,17300,17.4,5.1,29,17888.9,48.8,10,65,489000,37600,90.5,20.5,32.9,43.4,45,105.3,5.4,0.3,6.8,534.6
E05000590,14350,22.2,7.3,30,15833.3,48.8,1,63.8,326000,32700,37.4,39.2,28.3,30.7,30.5,61.2,5,0.6,2.9,188
E05000591,13300,22.2,7.5,30,12000,50.1,3,62.7,332500,30950,42.6,28.3,38.5,31.9,28.6,64.2,23.5,0.5,4.3,148.6
E05000592,14600,24.6,8.7,33,8055.6,36.9,2,68.9,340000,36440,28.3,58.6,15.7,24,29.3,73,31.2,0.9,2.9,197.9
E05000593,10550,17.3,21.7,43,2851.4,13.1,2,73.4,330000,39280,34.2,69.1,15.4,13.9,27.1,69,54.9,1.1,2.8,50.3
E05000594,11150,17,18,41,5525,17.5,0,70.4,310000,38580,26.5,74.3,14.7,9.6,24.7,43.9,18.5,1.3,2.4,58.5
E05000595,13250,20.6,10,31,6550,45.7,2,65.2,401000,36080,39.6,50.3,13.6,33.5,33.3,81.6,40.4,0.8,4.3,205.1
E05000596,15300,21.7,7.6,32,16833.3,53,2,70.3,308000,36350,47.8,45.6,9.1,44.1,34.8,52.4,4.3,0.6,4.2,235.2
E05000597,12200,21.9,12.2,36,5195.7,21.8,2,71.1,288747.5,39490,25.3,66.9,18.8,12.4,28.9,52.1,41.4,1.1,2.5,122.3
E05000598,11400,19.5,16.2,39,4729.2,16.5,3,69.9,286500,36110,30.4,62.6,24.7,11.3,24.1,64.4,37.7,1.1,2.5,88.5
E05000599,14850,21.6,7.9,32,4725.8,44.4,4,69.4,333000,34810,58,47.1,19,31.7,35.7,151.3,56.6,0.6,4.4,293
E05000600,14200,24.6,8,32,4328.1,40.3,3,62.6,325000,31270,34.3,40.8,33.6,21.9,24.7,67.7,56.7,0.7,2.6,129
E05000601,14600,22.4,8.4,32,13090.9,42.8,2,66.1,360000,34890,61.9,39.2,27,31.1,36.4,87.4,10.6,0.6,5.2,200
E05000602,12050,19.5,15.4,37,5619,21.8,3,69.6,335000,35170,25.4,68,17.4,12.6,21.6,61.8,31.4,1.1,2.8,81.7
E05000603,16250,25.3,8.1,32,6192.3,50.4,10,62.8,283250,31450,49.5,44.5,18.4,34.7,26.6,98.4,40.1,0.6,3.6,260.2
E05000604,14950,24.6,7.6,30,7400,48.8,7,61.5,255000,31040,54.9,32.9,34.5,30.1,28.5,88.2,27.6,0.6,3.8,160.8
E05000605,13450,17.6,8,32,10269.2,42.6,2,70.3,345000,38700,54.7,44.5,15.4,37.4,40.8,89.8,5.8,0.7,5.5,199.7
E05000606,15250,24.2,7.8,31,9733.3,45.8,0,64.2,324000,33780,36.6,42.8,24.4,29.9,30.9,72.3,30.9,0.6,4.2,199.5
E05000607,11850,20.8,13.8,36,5900,25.6,5,68.1,285000,34250,24.6,67.6,17.9,13.3,20.2,104.1,17.6,1.1,2.4,91.8
E05000608,13750,23.6,8.2,33,13650,43.6,4,68.1,351625,35070,42.6,46.9,21.4,29.1,33.6,55.6,5.3,0.6,3.5,232.8
E05000609,14150,24.4,9.3,33,7694.4,38.7,4,66.2,387500,35130,54.1,43.9,30.9,23.5,33,74,34.4,0.7,3.7,221
E05000610,15050,17.6,8.4,32,12375,28.5,4,83,595000,53420,57.7,52.8,10.9,34.4,67.6,78,11.8,0.7,4.7,740.2
E05000611,15100,15.3,7.5,32,8222.2,30.3,5,80,496500,46410,71.8,44,16.1,38.4,61.1,53.7,44.9,0.7,4.1,644.5
E05000612,16100,17.3,6.6,32,11214.3,33.4,0,79,541000,44360,63.2,45.9,21.7,30.2,53.8,66.1,16.5,0.7,3.9,621.1
E05000613,15850,14.1,11.1,33,9625,39.4,5,81.7,534000,49010,76.1,47.5,11.3,38.9,62.9,42.6,11,0.7,4.1,659.7
E05000614,15350,14.9,7.2,32,9966.7,32.5,5,83.9,500000,48590,71.9,46.9,15.2,35.2,62.8,83.6,11.1,0.7,5.5,760.9
E05000615,15850,21.1,9.9,33,11178.6,36.7,2,70.6,410000,38240,50.6,53.9,16.8,27.2,41,58.6,19.3,0.7,3.2,536.4
E05000616,15700,19.2,9.1,32,15400,42.4,3,72.6,440000,37960,50.4,43.9,17.8,35.8,44.9,100.2,2.6,0.6,5.2,445.2
E05000617,15850,19.4,8.9,31,14181.8,39.7,4,70.6,398500,34990,81.1,28.4,47,21.8,40.7,74.6,12.7,0.4,5.9,550.8
E05000618,14950,18.3,9.1,33,12291.7,27.7,4,81.3,595000,50790,62.4,50.7,13.1,34,63,64.5,9.6,0.7,5.4,744.6
E05000619,15400,21.5,6.6,32,8852.9,28.9,7,83.9,795000,55810,57.5,52.9,13.6,32.2,68.7,101.6,34.5,0.8,5.3,826.9
E05000620,20150,14.8,7.4,31,5718.8,42.4,13,75.4,630000,39580,89.3,31.2,30.7,33,50,74.8,38.5,0.5,4.4,826.2
E05000621,17550,17.5,9.3,27,3863.6,38.6,2,59.8,374950,30320,80.6,29,46,23.1,27.3,83.5,70.6,0.6,2.8,329.1
E05000622,17250,14.8,10.5,33,12071.4,38.9,2,77.4,530000,44720,86.2,41.6,21.8,32.9,52.1,76.6,26.9,0.7,3.9,930.8
E05000623,14500,14.8,8.3,32,15944.4,29,2,83,700000,50410,54.2,43.8,22.6,32.3,61.7,79.8,2.1,0.6,5.5,860.6
E05000624,16750,20.3,8.5,33,10933.3,34.8,2,80.9,515250,48160,55.6,53.3,14.7,29.1,57.6,69.4,18.1,0.7,3.7,709.3
E05000625,15400,17.2,10,34,7921.1,31.4,6,83.4,700000,55380,60.4,54.3,7.5,35.3,68.6,96.2,34.5,0.8,4.5,809.2
E05000626,17350,18,9.1,30,10562.5,45.4,11,67.7,440500,36000,47.8,41,18,38.8,42.5,77.6,33.7,0.6,5.1,345.6
E05000627,16350,19.4,8.2,33,5607.1,25.7,4,71,568000,51420,50.1,61.2,12.6,24.6,53.9,58.8,48.2,1,2.7,737
E05000628,16850,18.8,9.3,32,9764.7,43.5,1,73.1,395000,40360,74.4,43.7,23.6,30.2,45.1,38,31.9,0.8,2.8,421.2
E05000629,15400,17.9,12.9,33,8388.9,34.4,1,72.6,497800,43280,60.8,49.9,22.9,24.2,48.7,51.3,20,0.8,2.7,531.1
E05000630,11500,17.6,14.2,36,10318.2,56.9,4,67.9,750000,52200,78.4,42.5,9.1,44.4,56.6,45.8,7.2,0.7,5.4,162.2
E05000631,10500,13.2,10.6,35,20700,56.1,3,73.9,850000,49960,88.2,33.9,20.4,42.7,61.3,106.3,3.8,0.4,6.5,376.6
E05000632,12650,10.6,10.8,33,17642.9,61.3,11,66.6,975000,51370,90.9,32.7,7.8,55.5,58,170.5,2.1,0.4,8,302.2
E05000633,10550,18.6,11.9,34,16750,44.4,4,63.4,1100000,39530,91.6,23.6,49.8,22.6,38.4,107.6,22.2,0.4,4.9,220.6
E05000634,12000,22.5,13.8,34,29750,52.7,3,48.7,440000,26290,94.9,16.8,55.8,24.8,26.4,80.9,7.6,0.3,6.7,149.8
E05000635,12350,18.9,8.5,33,24300,48.2,2,63.4,499950,35000,87,23.2,43.4,31,39.5,67.1,3,0.4,5.7,365.2
E05000636,13450,13.1,9.7,32,13000,64.2,10,62.4,850000,46880,88.6,33.2,9.8,52.3,54.7,152.6,8.9,0.5,8,276.6
E05000637,10050,10.4,13.7,34,2736.1,59.6,8,56.5,3500000,88330,69.5,46.1,3.9,39.4,47.8,177.1,69.1,0.9,6.6,114.5
E05000638,13800,11.5,8.4,32,22416.7,64.6,3,71.2,895000,49290,91.6,31,10.5,55.2,60.8,150.4,8.6,0.4,7.7,451.4
E05000639,11050,18.2,10.7,35,18000,52.6,5,69.4,870000,48770,90.3,39.2,18.5,39.6,56.5,74.8,15.4,0.6,5.6,247.7
E05000640,10550,17.9,9.2,34,17166.7,49,1,70.4,773000,45660,93.8,35.6,24.5,37.5,52.2,59,27.2,0.5,5.2,277.9
E05000641,11150,9.3,11.3,34,10750,58.5,9,71.4,1090000,58370,92.3,32.1,9.9,53.4,61.5,302.4,6.1,0.5,7.7,259.7
E05000642,13050,20.2,9.9,33,21250,43.3,1,59,545000,32260,62.4,22.3,55.4,19.9,30.3,62.2,4.4,0.4,5,310.4
E05000643,12500,15.7,16,36,5326.1,59.9,6,62.4,942500,46510,93,37.6,19.1,39,52.2,66.6,62.2,0.6,5.2,180.4
E05000644,12050,9,11.2,34,3271.4,49,35,67.7,1262500,52520,94.8,25.9,28,40.5,49.9,990,30.7,0.4,7.6,211.6
E05000645,8500,10.3,14.9,37,20750,41.1,3,75.2,715650,47340,94.9,26,29.3,42.6,55.1,57.7,32.4,0.4,6.6,267.3
E05000646,10500,14.2,12.6,35,14714.3,44.6,1,69,840000,46550,97.4,32.2,34.5,29,53.1,82.4,26.4,0.4,6.9,216
E05000647,9800,10.9,12.1,34,15916.7,43.9,4,73.8,857250,50250,90.7,33.9,28.2,34.5,58.5,138.1,4,0.5,7.2,317.9
E05000648,13200,20.8,9,33,18500,51.5,2,59,499975,32390,96.4,21.1,48.5,26.8,35.7,75.5,19.2,0.4,4.9,263.8
E05000649,11250,8.7,11.6,36,5475,56.8,25,71.3,1487500,54970,93.7,23.7,23.5,47.1,54.6,1212.1,3.9,0.4,8,208.2
